No of Entities,1,2,3,4,5,6,7,8,9,10,11,12,13,14
,Print Me!!,Print Me!!,Print Me!!,Print Me!!,Print Me!!,Print Me!!,Print Me!!,Print Me!!,Print Me!!,Print Me!!,Print Me!!,Print Me!!,Print Me!!,Print Me!!
,Print Me too!!,elif entry point,Print Me!!,Print Me!!,Print Me!!,Print Me!!,Print Me!!,Print Me!!,Print Me!!,Print Me!!,Print Me!!,Print Me!!,Print Me!!,Print Me!!
,[4],None,elif entry point,Print Me!!,Print Me!!,Print Me!!,Print Me!!,Print Me!!,Print Me!!,Print Me!!,Print Me!!,Print Me!!,Print Me!!,Print Me!!
,,,Print Me!!,elif entry point,Print Me!!,Print Me!!,Print Me!!,Print Me!!,Print Me!!,Print Me!!,Print Me!!,Print Me!!,Print Me!!,Print Me!!
,,,elif entry point,Print Me!!,elif entry point,elif entry point,Print Me!!,Print Me!!,Print Me!!,Print Me!!,Print Me!!,Print Me!!,Print Me!!,Print Me!!
,,,Print Me!!,elif entry point,Print Me!!,Print Me!!,elif entry point,elif entry point,elif entry point,Print Me!!,Print Me!!,Print Me!!,Print Me!!,Print Me!!
,,,elif entry point,Print Me!!,elif entry point,elif entry point,Print Me!!,Print Me!!,Print Me!!,elif entry point,elif entry point,elif entry point,elif entry point,Print Me!!
,,,"[3, 5, 6]",elif entry point,Print Me!!,Print Me!!,elif entry point,elif entry point,elif entry point,Print Me!!,Print Me!!,Print Me!!,Print Me!!,elif entry point
,,,,Print Me!!,elif entry point,elif entry point,Print Me!!,Print Me!!,Print Me!!,elif entry point,elif entry point,elif entry point,elif entry point,Print Me!!
,,,,Print Me!!,Print Me!!,Print Me!!,elif entry point,elif entry point,elif entry point,Print Me!!,Print Me!!,Print Me!!,Print Me!!,elif entry point
,,,,elif entry point,Print Me!!,Print Me!!,Print Me!!,Print Me!!,Print Me!!,elif entry point,elif entry point,elif entry point,elif entry point,Print Me!!
,,,,Print Me!!,elif entry point,elif entry point,Print Me!!,Print Me!!,Print Me!!,Print Me!!,Print Me!!,Print Me!!,Print Me!!,elif entry point
,,,,elif entry point,Print Me!!,Print Me!!,elif entry point,elif entry point,elif entry point,Print Me!!,Print Me!!,Print Me!!,Print Me!!,Print Me!!
,,,,Print Me!!,elif entry point,elif entry point,Print Me!!,Print Me!!,Print Me!!,elif entry point,elif entry point,elif entry point,elif entry point,Print Me!!
,,,,elif entry point,Print Me!!,Print Me!!,elif entry point,elif entry point,elif entry point,Print Me!!,Print Me!!,Print Me!!,Print Me!!,elif entry point
,,,,Print Me!!,elif entry point,elif entry point,Print Me!!,Print Me!!,Print Me!!,elif entry point,elif entry point,elif entry point,elif entry point,Print Me!!
,,,,Print Me!!,Print Me!!,Print Me!!,elif entry point,elif entry point,elif entry point,Print Me!!,Print Me!!,Print Me!!,Print Me!!,elif entry point
,,,,elif entry point,Print Me!!,Print Me!!,Print Me!!,Print Me!!,Print Me!!,elif entry point,elif entry point,elif entry point,elif entry point,Print Me!!
,,,,Print Me!!,elif entry point,elif entry point,Print Me!!,Print Me!!,Print Me!!,Print Me!!,Print Me!!,Print Me!!,Print Me!!,elif entry point
,,,,elif entry point,Print Me!!,Print Me!!,elif entry point,elif entry point,elif entry point,Print Me!!,Print Me!!,Print Me!!,Print Me!!,Print Me!!
,,,,Print Me!!,elif entry point,elif entry point,Print Me!!,Print Me!!,Print Me!!,elif entry point,elif entry point,elif entry point,elif entry point,Print Me!!
,,,,elif entry point,Print Me!!,Print Me!!,elif entry point,elif entry point,elif entry point,Print Me!!,Print Me!!,Print Me!!,Print Me!!,elif entry point
,,,,"[3, 4, 5, 9]",elif entry point,elif entry point,Print Me!!,Print Me!!,Print Me!!,elif entry point,elif entry point,elif entry point,elif entry point,Print Me!!
,,,,,Print Me!!,Print Me!!,elif entry point,elif entry point,elif entry point,Print Me!!,Print Me!!,Print Me!!,Print Me!!,elif entry point
,,,,,Print Me!!,Print Me!!,Print Me!!,Print Me!!,Print Me!!,elif entry point,elif entry point,elif entry point,elif entry point,Print Me!!
,,,,,Print Me!!,Print Me!!,Print Me!!,Print Me!!,Print Me!!,Print Me!!,Print Me!!,Print Me!!,Print Me!!,elif entry point
,,,,,elif entry point,elif entry point,Print Me!!,Print Me!!,Print Me!!,Print Me!!,Print Me!!,Print Me!!,Print Me!!,Print Me!!
,,,,,Print Me!!,Print Me!!,elif entry point,elif entry point,elif entry point,Print Me!!,Print Me!!,Print Me!!,Print Me!!,Print Me!!
,,,,,elif entry point,elif entry point,Print Me!!,Print Me!!,Print Me!!,elif entry point,elif entry point,elif entry point,elif entry point,Print Me!!
,,,,,Print Me!!,Print Me!!,elif entry point,elif entry point,elif entry point,Print Me!!,Print Me!!,Print Me!!,Print Me!!,elif entry point
,,,,,elif entry point,elif entry point,Print Me!!,Print Me!!,Print Me!!,elif entry point,elif entry point,elif entry point,elif entry point,Print Me!!
,,,,,Print Me!!,Print Me!!,elif entry point,elif entry point,elif entry point,Print Me!!,Print Me!!,Print Me!!,Print Me!!,elif entry point
,,,,,Print Me!!,Print Me!!,Print Me!!,Print Me!!,Print Me!!,elif entry point,elif entry point,elif entry point,elif entry point,Print Me!!
,,,,,elif entry point,elif entry point,Print Me!!,Print Me!!,Print Me!!,Print Me!!,Print Me!!,Print Me!!,Print Me!!,elif entry point
,,,,,Print Me!!,Print Me!!,elif entry point,elif entry point,elif entry point,Print Me!!,Print Me!!,Print Me!!,Print Me!!,Print Me!!
,,,,,elif entry point,elif entry point,Print Me!!,Print Me!!,Print Me!!,elif entry point,elif entry point,elif entry point,elif entry point,Print Me!!
,,,,,Print Me!!,Print Me!!,elif entry point,elif entry point,elif entry point,Print Me!!,Print Me!!,Print Me!!,Print Me!!,elif entry point
,,,,,elif entry point,elif entry point,Print Me!!,Print Me!!,Print Me!!,elif entry point,elif entry point,elif entry point,elif entry point,Print Me!!
,,,,,Print Me!!,Print Me!!,elif entry point,elif entry point,elif entry point,Print Me!!,Print Me!!,Print Me!!,Print Me!!,elif entry point
,,,,,Print Me!!,Print Me!!,Print Me!!,Print Me!!,Print Me!!,elif entry point,elif entry point,elif entry point,elif entry point,Print Me!!
,,,,,elif entry point,elif entry point,Print Me!!,Print Me!!,Print Me!!,Print Me!!,Print Me!!,Print Me!!,Print Me!!,elif entry point
,,,,,Print Me!!,Print Me!!,elif entry point,elif entry point,elif entry point,Print Me!!,Print Me!!,Print Me!!,Print Me!!,Print Me!!
,,,,,elif entry point,elif entry point,Print Me!!,Print Me!!,Print Me!!,elif entry point,elif entry point,elif entry point,elif entry point,Print Me!!
,,,,,Print Me!!,Print Me!!,elif entry point,elif entry point,elif entry point,Print Me!!,Print Me!!,Print Me!!,Print Me!!,elif entry point
,,,,,elif entry point,elif entry point,Print Me!!,Print Me!!,Print Me!!,elif entry point,elif entry point,elif entry point,elif entry point,Print Me!!
,,,,,Print Me!!,Print Me!!,elif entry point,elif entry point,elif entry point,Print Me!!,Print Me!!,Print Me!!,Print Me!!,elif entry point
,,,,,Print Me!!,Print Me!!,Print Me!!,Print Me!!,Print Me!!,elif entry point,elif entry point,elif entry point,elif entry point,Print Me!!
,,,,,Print Me!!,Print Me!!,Print Me!!,Print Me!!,Print Me!!,Print Me!!,Print Me!!,Print Me!!,Print Me!!,elif entry point
,,,,,elif entry point,elif entry point,Print Me!!,Print Me!!,Print Me!!,Print Me!!,Print Me!!,Print Me!!,Print Me!!,Print Me!!
,,,,,Print Me!!,Print Me!!,elif entry point,elif entry point,elif entry point,Print Me!!,Print Me!!,Print Me!!,Print Me!!,Print Me!!
,,,,,elif entry point,elif entry point,Print Me!!,Print Me!!,Print Me!!,elif entry point,elif entry point,elif entry point,elif entry point,Print Me!!
,,,,,Print Me!!,Print Me!!,elif entry point,elif entry point,elif entry point,Print Me!!,Print Me!!,Print Me!!,Print Me!!,elif entry point
,,,,,elif entry point,elif entry point,Print Me!!,Print Me!!,Print Me!!,elif entry point,elif entry point,elif entry point,elif entry point,Print Me!!
,,,,,Print Me!!,Print Me!!,elif entry point,elif entry point,elif entry point,Print Me!!,Print Me!!,Print Me!!,Print Me!!,elif entry point
,,,,,Print Me!!,Print Me!!,Print Me!!,Print Me!!,Print Me!!,elif entry point,elif entry point,elif entry point,elif entry point,Print Me!!
,,,,,elif entry point,elif entry point,Print Me!!,Print Me!!,Print Me!!,Print Me!!,Print Me!!,Print Me!!,Print Me!!,elif entry point
,,,,,Print Me!!,Print Me!!,elif entry point,elif entry point,elif entry point,Print Me!!,Print Me!!,Print Me!!,Print Me!!,Print Me!!
,,,,,elif entry point,elif entry point,Print Me!!,Print Me!!,Print Me!!,elif entry point,elif entry point,elif entry point,elif entry point,Print Me!!
,,,,,Print Me!!,Print Me!!,elif entry point,elif entry point,elif entry point,Print Me!!,Print Me!!,Print Me!!,Print Me!!,elif entry point
,,,,,elif entry point,elif entry point,Print Me!!,Print Me!!,Print Me!!,elif entry point,elif entry point,elif entry point,elif entry point,Print Me!!
,,,,,Print Me!!,Print Me!!,elif entry point,elif entry point,elif entry point,Print Me!!,Print Me!!,Print Me!!,Print Me!!,elif entry point
,,,,,Print Me!!,Print Me!!,Print Me!!,Print Me!!,Print Me!!,elif entry point,elif entry point,elif entry point,elif entry point,Print Me!!
,,,,,elif entry point,elif entry point,Print Me!!,Print Me!!,Print Me!!,Print Me!!,Print Me!!,Print Me!!,Print Me!!,elif entry point
,,,,,Print Me!!,Print Me!!,elif entry point,elif entry point,elif entry point,Print Me!!,Print Me!!,Print Me!!,Print Me!!,Print Me!!
,,,,,elif entry point,elif entry point,Print Me!!,Print Me!!,Print Me!!,elif entry point,elif entry point,elif entry point,elif entry point,Print Me!!
,,,,,Print Me!!,Print Me!!,elif entry point,elif entry point,elif entry point,Print Me!!,Print Me!!,Print Me!!,Print Me!!,elif entry point
,,,,,elif entry point,elif entry point,Print Me!!,Print Me!!,Print Me!!,elif entry point,elif entry point,elif entry point,elif entry point,Print Me!!
,,,,,"[3, 4, 5, 6, 9]","[3, 5, 6, 8, 9, 11]",elif entry point,elif entry point,elif entry point,Print Me!!,Print Me!!,Print Me!!,Print Me!!,elif entry point
,,,,,,,Print Me!!,Print Me!!,Print Me!!,elif entry point,elif entry point,elif entry point,elif entry point,Print Me!!
,,,,,,,Print Me!!,Print Me!!,Print Me!!,Print Me!!,Print Me!!,Print Me!!,Print Me!!,elif entry point
,,,,,,,Print Me!!,Print Me!!,Print Me!!,Print Me!!,Print Me!!,Print Me!!,Print Me!!,Print Me!!
,,,,,,,Print Me!!,Print Me!!,Print Me!!,Print Me!!,Print Me!!,Print Me!!,Print Me!!,Print Me!!
,,,,,,,elif entry point,elif entry point,elif entry point,Print Me!!,Print Me!!,Print Me!!,Print Me!!,Print Me!!
,,,,,,,Print Me!!,Print Me!!,Print Me!!,elif entry point,elif entry point,elif entry point,elif entry point,Print Me!!
,,,,,,,elif entry point,elif entry point,elif entry point,Print Me!!,Print Me!!,Print Me!!,Print Me!!,elif entry point
,,,,,,,Print Me!!,Print Me!!,Print Me!!,elif entry point,elif entry point,elif entry point,elif entry point,Print Me!!
,,,,,,,elif entry point,elif entry point,elif entry point,Print Me!!,Print Me!!,Print Me!!,Print Me!!,elif entry point
,,,,,,,Print Me!!,Print Me!!,Print Me!!,elif entry point,elif entry point,elif entry point,elif entry point,Print Me!!
,,,,,,,Print Me!!,Print Me!!,Print Me!!,Print Me!!,Print Me!!,Print Me!!,Print Me!!,elif entry point
,,,,,,,elif entry point,elif entry point,elif entry point,Print Me!!,Print Me!!,Print Me!!,Print Me!!,Print Me!!
,,,,,,,Print Me!!,Print Me!!,Print Me!!,elif entry point,elif entry point,elif entry point,elif entry point,Print Me!!
,,,,,,,elif entry point,elif entry point,elif entry point,Print Me!!,Print Me!!,Print Me!!,Print Me!!,elif entry point
,,,,,,,Print Me!!,Print Me!!,Print Me!!,elif entry point,elif entry point,elif entry point,elif entry point,Print Me!!
,,,,,,,elif entry point,elif entry point,elif entry point,Print Me!!,Print Me!!,Print Me!!,Print Me!!,elif entry point
,,,,,,,Print Me!!,Print Me!!,Print Me!!,elif entry point,elif entry point,elif entry point,elif entry point,Print Me!!
,,,,,,,Print Me!!,Print Me!!,Print Me!!,Print Me!!,Print Me!!,Print Me!!,Print Me!!,elif entry point
,,,,,,,elif entry point,elif entry point,elif entry point,Print Me!!,Print Me!!,Print Me!!,Print Me!!,Print Me!!
,,,,,,,Print Me!!,Print Me!!,Print Me!!,elif entry point,elif entry point,elif entry point,elif entry point,Print Me!!
,,,,,,,elif entry point,elif entry point,elif entry point,Print Me!!,Print Me!!,Print Me!!,Print Me!!,elif entry point
,,,,,,,Print Me!!,Print Me!!,Print Me!!,elif entry point,elif entry point,elif entry point,elif entry point,Print Me!!
,,,,,,,elif entry point,elif entry point,elif entry point,Print Me!!,Print Me!!,Print Me!!,Print Me!!,elif entry point
,,,,,,,Print Me!!,Print Me!!,Print Me!!,elif entry point,elif entry point,elif entry point,elif entry point,Print Me!!
,,,,,,,Print Me!!,Print Me!!,Print Me!!,Print Me!!,Print Me!!,Print Me!!,Print Me!!,elif entry point
,,,,,,,Print Me!!,Print Me!!,Print Me!!,Print Me!!,Print Me!!,Print Me!!,Print Me!!,Print Me!!
,,,,,,,elif entry point,elif entry point,elif entry point,Print Me!!,Print Me!!,Print Me!!,Print Me!!,Print Me!!
,,,,,,,Print Me!!,Print Me!!,Print Me!!,elif entry point,elif entry point,elif entry point,elif entry point,Print Me!!
,,,,,,,elif entry point,elif entry point,elif entry point,Print Me!!,Print Me!!,Print Me!!,Print Me!!,elif entry point
,,,,,,,Print Me!!,Print Me!!,Print Me!!,elif entry point,elif entry point,elif entry point,elif entry point,Print Me!!
,,,,,,,elif entry point,elif entry point,elif entry point,Print Me!!,Print Me!!,Print Me!!,Print Me!!,elif entry point
,,,,,,,Print Me!!,Print Me!!,Print Me!!,elif entry point,elif entry point,elif entry point,elif entry point,Print Me!!
,,,,,,,Print Me!!,Print Me!!,Print Me!!,Print Me!!,Print Me!!,Print Me!!,Print Me!!,elif entry point
,,,,,,,elif entry point,elif entry point,elif entry point,Print Me!!,Print Me!!,Print Me!!,Print Me!!,Print Me!!
,,,,,,,Print Me!!,Print Me!!,Print Me!!,elif entry point,elif entry point,elif entry point,elif entry point,Print Me!!
,,,,,,,elif entry point,elif entry point,elif entry point,Print Me!!,Print Me!!,Print Me!!,Print Me!!,elif entry point
,,,,,,,Print Me!!,Print Me!!,Print Me!!,elif entry point,elif entry point,elif entry point,elif entry point,Print Me!!
,,,,,,,elif entry point,elif entry point,elif entry point,Print Me!!,Print Me!!,Print Me!!,Print Me!!,elif entry point
,,,,,,,Print Me!!,Print Me!!,Print Me!!,elif entry point,elif entry point,elif entry point,elif entry point,Print Me!!
,,,,,,,Print Me!!,Print Me!!,Print Me!!,Print Me!!,Print Me!!,Print Me!!,Print Me!!,elif entry point
,,,,,,,elif entry point,elif entry point,elif entry point,Print Me!!,Print Me!!,Print Me!!,Print Me!!,Print Me!!
,,,,,,,Print Me!!,Print Me!!,Print Me!!,elif entry point,elif entry point,elif entry point,elif entry point,Print Me!!
,,,,,,,elif entry point,elif entry point,elif entry point,Print Me!!,Print Me!!,Print Me!!,Print Me!!,elif entry point
,,,,,,,Print Me!!,Print Me!!,Print Me!!,elif entry point,elif entry point,elif entry point,elif entry point,Print Me!!
,,,,,,,elif entry point,elif entry point,elif entry point,Print Me!!,Print Me!!,Print Me!!,Print Me!!,elif entry point
,,,,,,,Print Me!!,Print Me!!,Print Me!!,elif entry point,elif entry point,elif entry point,elif entry point,Print Me!!
,,,,,,,Print Me!!,Print Me!!,Print Me!!,Print Me!!,Print Me!!,Print Me!!,Print Me!!,elif entry point
,,,,,,,Print Me!!,Print Me!!,Print Me!!,Print Me!!,Print Me!!,Print Me!!,Print Me!!,Print Me!!
,,,,,,,elif entry point,elif entry point,elif entry point,Print Me!!,Print Me!!,Print Me!!,Print Me!!,Print Me!!
,,,,,,,Print Me!!,Print Me!!,Print Me!!,elif entry point,elif entry point,elif entry point,elif entry point,Print Me!!
,,,,,,,elif entry point,elif entry point,elif entry point,Print Me!!,Print Me!!,Print Me!!,Print Me!!,elif entry point
,,,,,,,Print Me!!,Print Me!!,Print Me!!,elif entry point,elif entry point,elif entry point,elif entry point,Print Me!!
,,,,,,,elif entry point,elif entry point,elif entry point,Print Me!!,Print Me!!,Print Me!!,Print Me!!,elif entry point
,,,,,,,Print Me!!,Print Me!!,Print Me!!,elif entry point,elif entry point,elif entry point,elif entry point,Print Me!!
,,,,,,,Print Me!!,Print Me!!,Print Me!!,Print Me!!,Print Me!!,Print Me!!,Print Me!!,elif entry point
,,,,,,,elif entry point,elif entry point,elif entry point,Print Me!!,Print Me!!,Print Me!!,Print Me!!,Print Me!!
,,,,,,,Print Me!!,Print Me!!,Print Me!!,elif entry point,elif entry point,elif entry point,elif entry point,Print Me!!
,,,,,,,elif entry point,elif entry point,elif entry point,Print Me!!,Print Me!!,Print Me!!,Print Me!!,elif entry point
,,,,,,,Print Me!!,Print Me!!,Print Me!!,elif entry point,elif entry point,elif entry point,elif entry point,Print Me!!
,,,,,,,elif entry point,elif entry point,elif entry point,Print Me!!,Print Me!!,Print Me!!,Print Me!!,elif entry point
,,,,,,,Print Me!!,Print Me!!,Print Me!!,elif entry point,elif entry point,elif entry point,elif entry point,Print Me!!
,,,,,,,Print Me!!,Print Me!!,Print Me!!,Print Me!!,Print Me!!,Print Me!!,Print Me!!,elif entry point
,,,,,,,elif entry point,elif entry point,elif entry point,Print Me!!,Print Me!!,Print Me!!,Print Me!!,Print Me!!
,,,,,,,Print Me!!,Print Me!!,Print Me!!,elif entry point,elif entry point,elif entry point,elif entry point,Print Me!!
,,,,,,,elif entry point,elif entry point,elif entry point,Print Me!!,Print Me!!,Print Me!!,Print Me!!,elif entry point
,,,,,,,Print Me!!,Print Me!!,Print Me!!,elif entry point,elif entry point,elif entry point,elif entry point,Print Me!!
,,,,,,,elif entry point,elif entry point,elif entry point,Print Me!!,Print Me!!,Print Me!!,Print Me!!,elif entry point
,,,,,,,Print Me!!,Print Me!!,Print Me!!,elif entry point,elif entry point,elif entry point,elif entry point,Print Me!!
,,,,,,,Print Me!!,Print Me!!,Print Me!!,Print Me!!,Print Me!!,Print Me!!,Print Me!!,elif entry point
,,,,,,,Print Me!!,Print Me!!,Print Me!!,Print Me!!,Print Me!!,Print Me!!,Print Me!!,Print Me!!
,,,,,,,Print Me!!,Print Me!!,Print Me!!,Print Me!!,Print Me!!,Print Me!!,Print Me!!,Print Me!!
,,,,,,,elif entry point,elif entry point,elif entry point,Print Me!!,Print Me!!,Print Me!!,Print Me!!,Print Me!!
,,,,,,,Print Me!!,Print Me!!,Print Me!!,elif entry point,elif entry point,elif entry point,elif entry point,Print Me!!
,,,,,,,elif entry point,elif entry point,elif entry point,Print Me!!,Print Me!!,Print Me!!,Print Me!!,elif entry point
,,,,,,,Print Me!!,Print Me!!,Print Me!!,elif entry point,elif entry point,elif entry point,elif entry point,Print Me!!
,,,,,,,elif entry point,elif entry point,elif entry point,Print Me!!,Print Me!!,Print Me!!,Print Me!!,elif entry point
,,,,,,,Print Me!!,Print Me!!,Print Me!!,elif entry point,elif entry point,elif entry point,elif entry point,Print Me!!
,,,,,,,Print Me!!,Print Me!!,Print Me!!,Print Me!!,Print Me!!,Print Me!!,Print Me!!,elif entry point
,,,,,,,elif entry point,elif entry point,elif entry point,Print Me!!,Print Me!!,Print Me!!,Print Me!!,Print Me!!
,,,,,,,Print Me!!,Print Me!!,Print Me!!,elif entry point,elif entry point,elif entry point,elif entry point,Print Me!!
,,,,,,,elif entry point,elif entry point,elif entry point,Print Me!!,Print Me!!,Print Me!!,Print Me!!,elif entry point
,,,,,,,Print Me!!,Print Me!!,Print Me!!,elif entry point,elif entry point,elif entry point,elif entry point,Print Me!!
,,,,,,,elif entry point,elif entry point,elif entry point,Print Me!!,Print Me!!,Print Me!!,Print Me!!,elif entry point
,,,,,,,Print Me!!,Print Me!!,Print Me!!,elif entry point,elif entry point,elif entry point,elif entry point,Print Me!!
,,,,,,,Print Me!!,Print Me!!,Print Me!!,Print Me!!,Print Me!!,Print Me!!,Print Me!!,elif entry point
,,,,,,,elif entry point,elif entry point,elif entry point,Print Me!!,Print Me!!,Print Me!!,Print Me!!,Print Me!!
,,,,,,,Print Me!!,Print Me!!,Print Me!!,elif entry point,elif entry point,elif entry point,elif entry point,Print Me!!
,,,,,,,elif entry point,elif entry point,elif entry point,Print Me!!,Print Me!!,Print Me!!,Print Me!!,elif entry point
,,,,,,,Print Me!!,Print Me!!,Print Me!!,elif entry point,elif entry point,elif entry point,elif entry point,Print Me!!
,,,,,,,elif entry point,elif entry point,elif entry point,Print Me!!,Print Me!!,Print Me!!,Print Me!!,elif entry point
,,,,,,,Print Me!!,Print Me!!,Print Me!!,elif entry point,elif entry point,elif entry point,elif entry point,Print Me!!
,,,,,,,Print Me!!,Print Me!!,Print Me!!,Print Me!!,Print Me!!,Print Me!!,Print Me!!,elif entry point
,,,,,,,Print Me!!,Print Me!!,Print Me!!,Print Me!!,Print Me!!,Print Me!!,Print Me!!,Print Me!!
,,,,,,,elif entry point,elif entry point,elif entry point,Print Me!!,Print Me!!,Print Me!!,Print Me!!,Print Me!!
,,,,,,,Print Me!!,Print Me!!,Print Me!!,elif entry point,elif entry point,elif entry point,elif entry point,Print Me!!
,,,,,,,elif entry point,elif entry point,elif entry point,Print Me!!,Print Me!!,Print Me!!,Print Me!!,elif entry point
,,,,,,,Print Me!!,Print Me!!,Print Me!!,elif entry point,elif entry point,elif entry point,elif entry point,Print Me!!
,,,,,,,elif entry point,elif entry point,elif entry point,Print Me!!,Print Me!!,Print Me!!,Print Me!!,elif entry point
,,,,,,,Print Me!!,Print Me!!,Print Me!!,elif entry point,elif entry point,elif entry point,elif entry point,Print Me!!
,,,,,,,Print Me!!,Print Me!!,Print Me!!,Print Me!!,Print Me!!,Print Me!!,Print Me!!,elif entry point
,,,,,,,elif entry point,elif entry point,elif entry point,Print Me!!,Print Me!!,Print Me!!,Print Me!!,Print Me!!
,,,,,,,Print Me!!,Print Me!!,Print Me!!,elif entry point,elif entry point,elif entry point,elif entry point,Print Me!!
,,,,,,,elif entry point,elif entry point,elif entry point,Print Me!!,Print Me!!,Print Me!!,Print Me!!,elif entry point
,,,,,,,Print Me!!,Print Me!!,Print Me!!,elif entry point,elif entry point,elif entry point,elif entry point,Print Me!!
,,,,,,,elif entry point,elif entry point,elif entry point,Print Me!!,Print Me!!,Print Me!!,Print Me!!,elif entry point
,,,,,,,Print Me!!,Print Me!!,Print Me!!,elif entry point,elif entry point,elif entry point,elif entry point,Print Me!!
,,,,,,,Print Me!!,Print Me!!,Print Me!!,Print Me!!,Print Me!!,Print Me!!,Print Me!!,elif entry point
,,,,,,,elif entry point,elif entry point,elif entry point,Print Me!!,Print Me!!,Print Me!!,Print Me!!,Print Me!!
,,,,,,,Print Me!!,Print Me!!,Print Me!!,elif entry point,elif entry point,elif entry point,elif entry point,Print Me!!
,,,,,,,elif entry point,elif entry point,elif entry point,Print Me!!,Print Me!!,Print Me!!,Print Me!!,elif entry point
,,,,,,,Print Me!!,Print Me!!,Print Me!!,elif entry point,elif entry point,elif entry point,elif entry point,Print Me!!
,,,,,,,elif entry point,elif entry point,elif entry point,Print Me!!,Print Me!!,Print Me!!,Print Me!!,elif entry point
,,,,,,,Print Me!!,Print Me!!,Print Me!!,elif entry point,elif entry point,elif entry point,elif entry point,Print Me!!
,,,,,,,Print Me!!,Print Me!!,Print Me!!,Print Me!!,Print Me!!,Print Me!!,Print Me!!,elif entry point
,,,,,,,Print Me!!,Print Me!!,Print Me!!,Print Me!!,Print Me!!,Print Me!!,Print Me!!,Print Me!!
,,,,,,,elif entry point,elif entry point,elif entry point,Print Me!!,Print Me!!,Print Me!!,Print Me!!,Print Me!!
,,,,,,,Print Me!!,Print Me!!,Print Me!!,elif entry point,elif entry point,elif entry point,elif entry point,Print Me!!
,,,,,,,elif entry point,elif entry point,elif entry point,Print Me!!,Print Me!!,Print Me!!,Print Me!!,elif entry point
,,,,,,,Print Me!!,Print Me!!,Print Me!!,elif entry point,elif entry point,elif entry point,elif entry point,Print Me!!
,,,,,,,elif entry point,elif entry point,elif entry point,Print Me!!,Print Me!!,Print Me!!,Print Me!!,elif entry point
,,,,,,,Print Me!!,Print Me!!,Print Me!!,elif entry point,elif entry point,elif entry point,elif entry point,Print Me!!
,,,,,,,Print Me!!,Print Me!!,Print Me!!,Print Me!!,Print Me!!,Print Me!!,Print Me!!,elif entry point
,,,,,,,elif entry point,elif entry point,elif entry point,Print Me!!,Print Me!!,Print Me!!,Print Me!!,Print Me!!
,,,,,,,Print Me!!,Print Me!!,Print Me!!,elif entry point,elif entry point,elif entry point,elif entry point,Print Me!!
,,,,,,,elif entry point,elif entry point,elif entry point,Print Me!!,Print Me!!,Print Me!!,Print Me!!,elif entry point
,,,,,,,Print Me!!,Print Me!!,Print Me!!,elif entry point,elif entry point,elif entry point,elif entry point,Print Me!!
,,,,,,,elif entry point,elif entry point,elif entry point,Print Me!!,Print Me!!,Print Me!!,Print Me!!,elif entry point
,,,,,,,Print Me!!,Print Me!!,Print Me!!,elif entry point,elif entry point,elif entry point,elif entry point,Print Me!!
,,,,,,,Print Me!!,Print Me!!,Print Me!!,Print Me!!,Print Me!!,Print Me!!,Print Me!!,elif entry point
,,,,,,,elif entry point,elif entry point,elif entry point,Print Me!!,Print Me!!,Print Me!!,Print Me!!,Print Me!!
,,,,,,,Print Me!!,Print Me!!,Print Me!!,elif entry point,elif entry point,elif entry point,elif entry point,Print Me!!
,,,,,,,elif entry point,elif entry point,elif entry point,Print Me!!,Print Me!!,Print Me!!,Print Me!!,elif entry point
,,,,,,,Print Me!!,Print Me!!,Print Me!!,elif entry point,elif entry point,elif entry point,elif entry point,Print Me!!
,,,,,,,elif entry point,elif entry point,elif entry point,Print Me!!,Print Me!!,Print Me!!,Print Me!!,elif entry point
,,,,,,,"[3, 5, 6, 8, 9, 11, 18]","[3, 5, 6, 7, 8, 9, 11, 18]","[3, 5, 6, 7, 8, 9, 10, 11, 18]",elif entry point,elif entry point,elif entry point,elif entry point,Print Me!!
,,,,,,,,,,Print Me!!,Print Me!!,Print Me!!,Print Me!!,elif entry point
,,,,,,,,,,Print Me!!,Print Me!!,Print Me!!,Print Me!!,Print Me!!
,,,,,,,,,,Print Me!!,Print Me!!,Print Me!!,Print Me!!,Print Me!!
,,,,,,,,,,Print Me!!,Print Me!!,Print Me!!,Print Me!!,Print Me!!
,,,,,,,,,,Print Me!!,Print Me!!,Print Me!!,Print Me!!,Print Me!!
,,,,,,,,,,elif entry point,elif entry point,elif entry point,elif entry point,Print Me!!
,,,,,,,,,,Print Me!!,Print Me!!,Print Me!!,Print Me!!,elif entry point
,,,,,,,,,,elif entry point,elif entry point,elif entry point,elif entry point,Print Me!!
,,,,,,,,,,Print Me!!,Print Me!!,Print Me!!,Print Me!!,elif entry point
,,,,,,,,,,elif entry point,elif entry point,elif entry point,elif entry point,Print Me!!
,,,,,,,,,,Print Me!!,Print Me!!,Print Me!!,Print Me!!,elif entry point
,,,,,,,,,,Print Me!!,Print Me!!,Print Me!!,Print Me!!,Print Me!!
,,,,,,,,,,elif entry point,elif entry point,elif entry point,elif entry point,Print Me!!
,,,,,,,,,,Print Me!!,Print Me!!,Print Me!!,Print Me!!,elif entry point
,,,,,,,,,,elif entry point,elif entry point,elif entry point,elif entry point,Print Me!!
,,,,,,,,,,Print Me!!,Print Me!!,Print Me!!,Print Me!!,elif entry point
,,,,,,,,,,elif entry point,elif entry point,elif entry point,elif entry point,Print Me!!
,,,,,,,,,,Print Me!!,Print Me!!,Print Me!!,Print Me!!,elif entry point
,,,,,,,,,,Print Me!!,Print Me!!,Print Me!!,Print Me!!,Print Me!!
,,,,,,,,,,elif entry point,elif entry point,elif entry point,elif entry point,Print Me!!
,,,,,,,,,,Print Me!!,Print Me!!,Print Me!!,Print Me!!,elif entry point
,,,,,,,,,,elif entry point,elif entry point,elif entry point,elif entry point,Print Me!!
,,,,,,,,,,Print Me!!,Print Me!!,Print Me!!,Print Me!!,elif entry point
,,,,,,,,,,elif entry point,elif entry point,elif entry point,elif entry point,Print Me!!
,,,,,,,,,,Print Me!!,Print Me!!,Print Me!!,Print Me!!,elif entry point
,,,,,,,,,,Print Me!!,Print Me!!,Print Me!!,Print Me!!,Print Me!!
,,,,,,,,,,Print Me!!,Print Me!!,Print Me!!,Print Me!!,Print Me!!
,,,,,,,,,,elif entry point,elif entry point,elif entry point,elif entry point,Print Me!!
,,,,,,,,,,Print Me!!,Print Me!!,Print Me!!,Print Me!!,elif entry point
,,,,,,,,,,elif entry point,elif entry point,elif entry point,elif entry point,Print Me!!
,,,,,,,,,,Print Me!!,Print Me!!,Print Me!!,Print Me!!,elif entry point
,,,,,,,,,,elif entry point,elif entry point,elif entry point,elif entry point,Print Me!!
,,,,,,,,,,Print Me!!,Print Me!!,Print Me!!,Print Me!!,elif entry point
,,,,,,,,,,Print Me!!,Print Me!!,Print Me!!,Print Me!!,Print Me!!
,,,,,,,,,,elif entry point,elif entry point,elif entry point,elif entry point,Print Me!!
,,,,,,,,,,Print Me!!,Print Me!!,Print Me!!,Print Me!!,elif entry point
,,,,,,,,,,elif entry point,elif entry point,elif entry point,elif entry point,Print Me!!
,,,,,,,,,,Print Me!!,Print Me!!,Print Me!!,Print Me!!,elif entry point
,,,,,,,,,,elif entry point,elif entry point,elif entry point,elif entry point,Print Me!!
,,,,,,,,,,Print Me!!,Print Me!!,Print Me!!,Print Me!!,elif entry point
,,,,,,,,,,Print Me!!,Print Me!!,Print Me!!,Print Me!!,Print Me!!
,,,,,,,,,,elif entry point,elif entry point,elif entry point,elif entry point,Print Me!!
,,,,,,,,,,Print Me!!,Print Me!!,Print Me!!,Print Me!!,elif entry point
,,,,,,,,,,elif entry point,elif entry point,elif entry point,elif entry point,Print Me!!
,,,,,,,,,,Print Me!!,Print Me!!,Print Me!!,Print Me!!,elif entry point
,,,,,,,,,,elif entry point,elif entry point,elif entry point,elif entry point,Print Me!!
,,,,,,,,,,Print Me!!,Print Me!!,Print Me!!,Print Me!!,elif entry point
,,,,,,,,,,Print Me!!,Print Me!!,Print Me!!,Print Me!!,Print Me!!
,,,,,,,,,,Print Me!!,Print Me!!,Print Me!!,Print Me!!,Print Me!!
,,,,,,,,,,elif entry point,elif entry point,elif entry point,elif entry point,Print Me!!
,,,,,,,,,,Print Me!!,Print Me!!,Print Me!!,Print Me!!,elif entry point
,,,,,,,,,,elif entry point,elif entry point,elif entry point,elif entry point,Print Me!!
,,,,,,,,,,Print Me!!,Print Me!!,Print Me!!,Print Me!!,elif entry point
,,,,,,,,,,elif entry point,elif entry point,elif entry point,elif entry point,Print Me!!
,,,,,,,,,,Print Me!!,Print Me!!,Print Me!!,Print Me!!,elif entry point
,,,,,,,,,,Print Me!!,Print Me!!,Print Me!!,Print Me!!,Print Me!!
,,,,,,,,,,elif entry point,elif entry point,elif entry point,elif entry point,Print Me!!
,,,,,,,,,,Print Me!!,Print Me!!,Print Me!!,Print Me!!,elif entry point
,,,,,,,,,,elif entry point,elif entry point,elif entry point,elif entry point,Print Me!!
,,,,,,,,,,Print Me!!,Print Me!!,Print Me!!,Print Me!!,elif entry point
,,,,,,,,,,elif entry point,elif entry point,elif entry point,elif entry point,Print Me!!
,,,,,,,,,,Print Me!!,Print Me!!,Print Me!!,Print Me!!,elif entry point
,,,,,,,,,,Print Me!!,Print Me!!,Print Me!!,Print Me!!,Print Me!!
,,,,,,,,,,elif entry point,elif entry point,elif entry point,elif entry point,Print Me!!
,,,,,,,,,,Print Me!!,Print Me!!,Print Me!!,Print Me!!,elif entry point
,,,,,,,,,,elif entry point,elif entry point,elif entry point,elif entry point,Print Me!!
,,,,,,,,,,Print Me!!,Print Me!!,Print Me!!,Print Me!!,elif entry point
,,,,,,,,,,elif entry point,elif entry point,elif entry point,elif entry point,Print Me!!
,,,,,,,,,,Print Me!!,Print Me!!,Print Me!!,Print Me!!,elif entry point
,,,,,,,,,,Print Me!!,Print Me!!,Print Me!!,Print Me!!,Print Me!!
,,,,,,,,,,Print Me!!,Print Me!!,Print Me!!,Print Me!!,Print Me!!
,,,,,,,,,,Print Me!!,Print Me!!,Print Me!!,Print Me!!,Print Me!!
,,,,,,,,,,elif entry point,elif entry point,elif entry point,elif entry point,Print Me!!
,,,,,,,,,,Print Me!!,Print Me!!,Print Me!!,Print Me!!,elif entry point
,,,,,,,,,,elif entry point,elif entry point,elif entry point,elif entry point,Print Me!!
,,,,,,,,,,Print Me!!,Print Me!!,Print Me!!,Print Me!!,elif entry point
,,,,,,,,,,elif entry point,elif entry point,elif entry point,elif entry point,Print Me!!
,,,,,,,,,,Print Me!!,Print Me!!,Print Me!!,Print Me!!,elif entry point
,,,,,,,,,,Print Me!!,Print Me!!,Print Me!!,Print Me!!,Print Me!!
,,,,,,,,,,elif entry point,elif entry point,elif entry point,elif entry point,Print Me!!
,,,,,,,,,,Print Me!!,Print Me!!,Print Me!!,Print Me!!,elif entry point
,,,,,,,,,,elif entry point,elif entry point,elif entry point,elif entry point,Print Me!!
,,,,,,,,,,Print Me!!,Print Me!!,Print Me!!,Print Me!!,elif entry point
,,,,,,,,,,elif entry point,elif entry point,elif entry point,elif entry point,Print Me!!
,,,,,,,,,,Print Me!!,Print Me!!,Print Me!!,Print Me!!,elif entry point
,,,,,,,,,,Print Me!!,Print Me!!,Print Me!!,Print Me!!,Print Me!!
,,,,,,,,,,elif entry point,elif entry point,elif entry point,elif entry point,Print Me!!
,,,,,,,,,,Print Me!!,Print Me!!,Print Me!!,Print Me!!,elif entry point
,,,,,,,,,,elif entry point,elif entry point,elif entry point,elif entry point,Print Me!!
,,,,,,,,,,Print Me!!,Print Me!!,Print Me!!,Print Me!!,elif entry point
,,,,,,,,,,elif entry point,elif entry point,elif entry point,elif entry point,Print Me!!
,,,,,,,,,,Print Me!!,Print Me!!,Print Me!!,Print Me!!,elif entry point
,,,,,,,,,,Print Me!!,Print Me!!,Print Me!!,Print Me!!,Print Me!!
,,,,,,,,,,Print Me!!,Print Me!!,Print Me!!,Print Me!!,Print Me!!
,,,,,,,,,,elif entry point,elif entry point,elif entry point,elif entry point,Print Me!!
,,,,,,,,,,Print Me!!,Print Me!!,Print Me!!,Print Me!!,elif entry point
,,,,,,,,,,elif entry point,elif entry point,elif entry point,elif entry point,Print Me!!
,,,,,,,,,,Print Me!!,Print Me!!,Print Me!!,Print Me!!,elif entry point
,,,,,,,,,,elif entry point,elif entry point,elif entry point,elif entry point,Print Me!!
,,,,,,,,,,Print Me!!,Print Me!!,Print Me!!,Print Me!!,elif entry point
,,,,,,,,,,Print Me!!,Print Me!!,Print Me!!,Print Me!!,Print Me!!
,,,,,,,,,,elif entry point,elif entry point,elif entry point,elif entry point,Print Me!!
,,,,,,,,,,Print Me!!,Print Me!!,Print Me!!,Print Me!!,elif entry point
,,,,,,,,,,elif entry point,elif entry point,elif entry point,elif entry point,Print Me!!
,,,,,,,,,,Print Me!!,Print Me!!,Print Me!!,Print Me!!,elif entry point
,,,,,,,,,,elif entry point,elif entry point,elif entry point,elif entry point,Print Me!!
,,,,,,,,,,Print Me!!,Print Me!!,Print Me!!,Print Me!!,elif entry point
,,,,,,,,,,Print Me!!,Print Me!!,Print Me!!,Print Me!!,Print Me!!
,,,,,,,,,,elif entry point,elif entry point,elif entry point,elif entry point,Print Me!!
,,,,,,,,,,Print Me!!,Print Me!!,Print Me!!,Print Me!!,elif entry point
,,,,,,,,,,elif entry point,elif entry point,elif entry point,elif entry point,Print Me!!
,,,,,,,,,,Print Me!!,Print Me!!,Print Me!!,Print Me!!,elif entry point
,,,,,,,,,,elif entry point,elif entry point,elif entry point,elif entry point,Print Me!!
,,,,,,,,,,Print Me!!,Print Me!!,Print Me!!,Print Me!!,elif entry point
,,,,,,,,,,Print Me!!,Print Me!!,Print Me!!,Print Me!!,Print Me!!
,,,,,,,,,,Print Me!!,Print Me!!,Print Me!!,Print Me!!,Print Me!!
,,,,,,,,,,elif entry point,elif entry point,elif entry point,elif entry point,Print Me!!
,,,,,,,,,,Print Me!!,Print Me!!,Print Me!!,Print Me!!,elif entry point
,,,,,,,,,,elif entry point,elif entry point,elif entry point,elif entry point,Print Me!!
,,,,,,,,,,Print Me!!,Print Me!!,Print Me!!,Print Me!!,elif entry point
,,,,,,,,,,elif entry point,elif entry point,elif entry point,elif entry point,Print Me!!
,,,,,,,,,,Print Me!!,Print Me!!,Print Me!!,Print Me!!,elif entry point
,,,,,,,,,,Print Me!!,Print Me!!,Print Me!!,Print Me!!,Print Me!!
,,,,,,,,,,elif entry point,elif entry point,elif entry point,elif entry point,Print Me!!
,,,,,,,,,,Print Me!!,Print Me!!,Print Me!!,Print Me!!,elif entry point
,,,,,,,,,,elif entry point,elif entry point,elif entry point,elif entry point,Print Me!!
,,,,,,,,,,Print Me!!,Print Me!!,Print Me!!,Print Me!!,elif entry point
,,,,,,,,,,elif entry point,elif entry point,elif entry point,elif entry point,Print Me!!
,,,,,,,,,,Print Me!!,Print Me!!,Print Me!!,Print Me!!,elif entry point
,,,,,,,,,,Print Me!!,Print Me!!,Print Me!!,Print Me!!,Print Me!!
,,,,,,,,,,elif entry point,elif entry point,elif entry point,elif entry point,Print Me!!
,,,,,,,,,,Print Me!!,Print Me!!,Print Me!!,Print Me!!,elif entry point
,,,,,,,,,,elif entry point,elif entry point,elif entry point,elif entry point,Print Me!!
,,,,,,,,,,Print Me!!,Print Me!!,Print Me!!,Print Me!!,elif entry point
,,,,,,,,,,elif entry point,elif entry point,elif entry point,elif entry point,Print Me!!
,,,,,,,,,,Print Me!!,Print Me!!,Print Me!!,Print Me!!,elif entry point
,,,,,,,,,,Print Me!!,Print Me!!,Print Me!!,Print Me!!,Print Me!!
,,,,,,,,,,Print Me!!,Print Me!!,Print Me!!,Print Me!!,Print Me!!
,,,,,,,,,,Print Me!!,Print Me!!,Print Me!!,Print Me!!,Print Me!!
,,,,,,,,,,elif entry point,elif entry point,elif entry point,elif entry point,Print Me!!
,,,,,,,,,,Print Me!!,Print Me!!,Print Me!!,Print Me!!,elif entry point
,,,,,,,,,,elif entry point,elif entry point,elif entry point,elif entry point,Print Me!!
,,,,,,,,,,Print Me!!,Print Me!!,Print Me!!,Print Me!!,elif entry point
,,,,,,,,,,elif entry point,elif entry point,elif entry point,elif entry point,Print Me!!
,,,,,,,,,,Print Me!!,Print Me!!,Print Me!!,Print Me!!,elif entry point
,,,,,,,,,,Print Me!!,Print Me!!,Print Me!!,Print Me!!,Print Me!!
,,,,,,,,,,elif entry point,elif entry point,elif entry point,elif entry point,Print Me!!
,,,,,,,,,,Print Me!!,Print Me!!,Print Me!!,Print Me!!,elif entry point
,,,,,,,,,,elif entry point,elif entry point,elif entry point,elif entry point,Print Me!!
,,,,,,,,,,Print Me!!,Print Me!!,Print Me!!,Print Me!!,elif entry point
,,,,,,,,,,elif entry point,elif entry point,elif entry point,elif entry point,Print Me!!
,,,,,,,,,,Print Me!!,Print Me!!,Print Me!!,Print Me!!,elif entry point
,,,,,,,,,,Print Me!!,Print Me!!,Print Me!!,Print Me!!,Print Me!!
,,,,,,,,,,elif entry point,elif entry point,elif entry point,elif entry point,Print Me!!
,,,,,,,,,,Print Me!!,Print Me!!,Print Me!!,Print Me!!,elif entry point
,,,,,,,,,,elif entry point,elif entry point,elif entry point,elif entry point,Print Me!!
,,,,,,,,,,Print Me!!,Print Me!!,Print Me!!,Print Me!!,elif entry point
,,,,,,,,,,elif entry point,elif entry point,elif entry point,elif entry point,Print Me!!
,,,,,,,,,,Print Me!!,Print Me!!,Print Me!!,Print Me!!,elif entry point
,,,,,,,,,,Print Me!!,Print Me!!,Print Me!!,Print Me!!,Print Me!!
,,,,,,,,,,Print Me!!,Print Me!!,Print Me!!,Print Me!!,Print Me!!
,,,,,,,,,,elif entry point,elif entry point,elif entry point,elif entry point,Print Me!!
,,,,,,,,,,Print Me!!,Print Me!!,Print Me!!,Print Me!!,elif entry point
,,,,,,,,,,elif entry point,elif entry point,elif entry point,elif entry point,Print Me!!
,,,,,,,,,,Print Me!!,Print Me!!,Print Me!!,Print Me!!,elif entry point
,,,,,,,,,,elif entry point,elif entry point,elif entry point,elif entry point,Print Me!!
,,,,,,,,,,Print Me!!,Print Me!!,Print Me!!,Print Me!!,elif entry point
,,,,,,,,,,Print Me!!,Print Me!!,Print Me!!,Print Me!!,Print Me!!
,,,,,,,,,,elif entry point,elif entry point,elif entry point,elif entry point,Print Me!!
,,,,,,,,,,Print Me!!,Print Me!!,Print Me!!,Print Me!!,elif entry point
,,,,,,,,,,elif entry point,elif entry point,elif entry point,elif entry point,Print Me!!
,,,,,,,,,,Print Me!!,Print Me!!,Print Me!!,Print Me!!,elif entry point
,,,,,,,,,,elif entry point,elif entry point,elif entry point,elif entry point,Print Me!!
,,,,,,,,,,Print Me!!,Print Me!!,Print Me!!,Print Me!!,elif entry point
,,,,,,,,,,Print Me!!,Print Me!!,Print Me!!,Print Me!!,Print Me!!
,,,,,,,,,,elif entry point,elif entry point,elif entry point,elif entry point,Print Me!!
,,,,,,,,,,Print Me!!,Print Me!!,Print Me!!,Print Me!!,elif entry point
,,,,,,,,,,elif entry point,elif entry point,elif entry point,elif entry point,Print Me!!
,,,,,,,,,,Print Me!!,Print Me!!,Print Me!!,Print Me!!,elif entry point
,,,,,,,,,,elif entry point,elif entry point,elif entry point,elif entry point,Print Me!!
,,,,,,,,,,Print Me!!,Print Me!!,Print Me!!,Print Me!!,elif entry point
,,,,,,,,,,Print Me!!,Print Me!!,Print Me!!,Print Me!!,Print Me!!
,,,,,,,,,,Print Me!!,Print Me!!,Print Me!!,Print Me!!,Print Me!!
,,,,,,,,,,elif entry point,elif entry point,elif entry point,elif entry point,Print Me!!
,,,,,,,,,,Print Me!!,Print Me!!,Print Me!!,Print Me!!,elif entry point
,,,,,,,,,,elif entry point,elif entry point,elif entry point,elif entry point,Print Me!!
,,,,,,,,,,Print Me!!,Print Me!!,Print Me!!,Print Me!!,elif entry point
,,,,,,,,,,elif entry point,elif entry point,elif entry point,elif entry point,Print Me!!
,,,,,,,,,,Print Me!!,Print Me!!,Print Me!!,Print Me!!,elif entry point
,,,,,,,,,,Print Me!!,Print Me!!,Print Me!!,Print Me!!,Print Me!!
,,,,,,,,,,elif entry point,elif entry point,elif entry point,elif entry point,Print Me!!
,,,,,,,,,,Print Me!!,Print Me!!,Print Me!!,Print Me!!,elif entry point
,,,,,,,,,,elif entry point,elif entry point,elif entry point,elif entry point,Print Me!!
,,,,,,,,,,Print Me!!,Print Me!!,Print Me!!,Print Me!!,elif entry point
,,,,,,,,,,elif entry point,elif entry point,elif entry point,elif entry point,Print Me!!
,,,,,,,,,,Print Me!!,Print Me!!,Print Me!!,Print Me!!,elif entry point
,,,,,,,,,,Print Me!!,Print Me!!,Print Me!!,Print Me!!,Print Me!!
,,,,,,,,,,elif entry point,elif entry point,elif entry point,elif entry point,Print Me!!
,,,,,,,,,,Print Me!!,Print Me!!,Print Me!!,Print Me!!,elif entry point
,,,,,,,,,,elif entry point,elif entry point,elif entry point,elif entry point,Print Me!!
,,,,,,,,,,Print Me!!,Print Me!!,Print Me!!,Print Me!!,elif entry point
,,,,,,,,,,elif entry point,elif entry point,elif entry point,elif entry point,Print Me!!
,,,,,,,,,,Print Me!!,Print Me!!,Print Me!!,Print Me!!,elif entry point
,,,,,,,,,,Print Me!!,Print Me!!,Print Me!!,Print Me!!,Print Me!!
,,,,,,,,,,Print Me!!,Print Me!!,Print Me!!,Print Me!!,Print Me!!
,,,,,,,,,,Print Me!!,Print Me!!,Print Me!!,Print Me!!,Print Me!!
,,,,,,,,,,Print Me!!,Print Me!!,Print Me!!,Print Me!!,Print Me!!
,,,,,,,,,,elif entry point,elif entry point,elif entry point,elif entry point,Print Me!!
,,,,,,,,,,Print Me!!,Print Me!!,Print Me!!,Print Me!!,elif entry point
,,,,,,,,,,elif entry point,elif entry point,elif entry point,elif entry point,Print Me!!
,,,,,,,,,,Print Me!!,Print Me!!,Print Me!!,Print Me!!,elif entry point
,,,,,,,,,,elif entry point,elif entry point,elif entry point,elif entry point,Print Me!!
,,,,,,,,,,Print Me!!,Print Me!!,Print Me!!,Print Me!!,elif entry point
,,,,,,,,,,Print Me!!,Print Me!!,Print Me!!,Print Me!!,Print Me!!
,,,,,,,,,,elif entry point,elif entry point,elif entry point,elif entry point,Print Me!!
,,,,,,,,,,Print Me!!,Print Me!!,Print Me!!,Print Me!!,elif entry point
,,,,,,,,,,elif entry point,elif entry point,elif entry point,elif entry point,Print Me!!
,,,,,,,,,,Print Me!!,Print Me!!,Print Me!!,Print Me!!,elif entry point
,,,,,,,,,,elif entry point,elif entry point,elif entry point,elif entry point,Print Me!!
,,,,,,,,,,Print Me!!,Print Me!!,Print Me!!,Print Me!!,elif entry point
,,,,,,,,,,Print Me!!,Print Me!!,Print Me!!,Print Me!!,Print Me!!
,,,,,,,,,,elif entry point,elif entry point,elif entry point,elif entry point,Print Me!!
,,,,,,,,,,Print Me!!,Print Me!!,Print Me!!,Print Me!!,elif entry point
,,,,,,,,,,elif entry point,elif entry point,elif entry point,elif entry point,Print Me!!
,,,,,,,,,,Print Me!!,Print Me!!,Print Me!!,Print Me!!,elif entry point
,,,,,,,,,,elif entry point,elif entry point,elif entry point,elif entry point,Print Me!!
,,,,,,,,,,Print Me!!,Print Me!!,Print Me!!,Print Me!!,elif entry point
,,,,,,,,,,Print Me!!,Print Me!!,Print Me!!,Print Me!!,Print Me!!
,,,,,,,,,,Print Me!!,Print Me!!,Print Me!!,Print Me!!,Print Me!!
,,,,,,,,,,elif entry point,elif entry point,elif entry point,elif entry point,Print Me!!
,,,,,,,,,,Print Me!!,Print Me!!,Print Me!!,Print Me!!,elif entry point
,,,,,,,,,,elif entry point,elif entry point,elif entry point,elif entry point,Print Me!!
,,,,,,,,,,Print Me!!,Print Me!!,Print Me!!,Print Me!!,elif entry point
,,,,,,,,,,elif entry point,elif entry point,elif entry point,elif entry point,Print Me!!
,,,,,,,,,,Print Me!!,Print Me!!,Print Me!!,Print Me!!,elif entry point
,,,,,,,,,,Print Me!!,Print Me!!,Print Me!!,Print Me!!,Print Me!!
,,,,,,,,,,elif entry point,elif entry point,elif entry point,elif entry point,Print Me!!
,,,,,,,,,,Print Me!!,Print Me!!,Print Me!!,Print Me!!,elif entry point
,,,,,,,,,,elif entry point,elif entry point,elif entry point,elif entry point,Print Me!!
,,,,,,,,,,Print Me!!,Print Me!!,Print Me!!,Print Me!!,elif entry point
,,,,,,,,,,elif entry point,elif entry point,elif entry point,elif entry point,Print Me!!
,,,,,,,,,,Print Me!!,Print Me!!,Print Me!!,Print Me!!,elif entry point
,,,,,,,,,,Print Me!!,Print Me!!,Print Me!!,Print Me!!,Print Me!!
,,,,,,,,,,elif entry point,elif entry point,elif entry point,elif entry point,Print Me!!
,,,,,,,,,,Print Me!!,Print Me!!,Print Me!!,Print Me!!,elif entry point
,,,,,,,,,,elif entry point,elif entry point,elif entry point,elif entry point,Print Me!!
,,,,,,,,,,Print Me!!,Print Me!!,Print Me!!,Print Me!!,elif entry point
,,,,,,,,,,elif entry point,elif entry point,elif entry point,elif entry point,Print Me!!
,,,,,,,,,,Print Me!!,Print Me!!,Print Me!!,Print Me!!,elif entry point
,,,,,,,,,,Print Me!!,Print Me!!,Print Me!!,Print Me!!,Print Me!!
,,,,,,,,,,Print Me!!,Print Me!!,Print Me!!,Print Me!!,Print Me!!
,,,,,,,,,,elif entry point,elif entry point,elif entry point,elif entry point,Print Me!!
,,,,,,,,,,Print Me!!,Print Me!!,Print Me!!,Print Me!!,elif entry point
,,,,,,,,,,elif entry point,elif entry point,elif entry point,elif entry point,Print Me!!
,,,,,,,,,,Print Me!!,Print Me!!,Print Me!!,Print Me!!,elif entry point
,,,,,,,,,,elif entry point,elif entry point,elif entry point,elif entry point,Print Me!!
,,,,,,,,,,Print Me!!,Print Me!!,Print Me!!,Print Me!!,elif entry point
,,,,,,,,,,Print Me!!,Print Me!!,Print Me!!,Print Me!!,Print Me!!
,,,,,,,,,,elif entry point,elif entry point,elif entry point,elif entry point,Print Me!!
,,,,,,,,,,Print Me!!,Print Me!!,Print Me!!,Print Me!!,elif entry point
,,,,,,,,,,elif entry point,elif entry point,elif entry point,elif entry point,Print Me!!
,,,,,,,,,,Print Me!!,Print Me!!,Print Me!!,Print Me!!,elif entry point
,,,,,,,,,,elif entry point,elif entry point,elif entry point,elif entry point,Print Me!!
,,,,,,,,,,Print Me!!,Print Me!!,Print Me!!,Print Me!!,elif entry point
,,,,,,,,,,Print Me!!,Print Me!!,Print Me!!,Print Me!!,Print Me!!
,,,,,,,,,,elif entry point,elif entry point,elif entry point,elif entry point,Print Me!!
,,,,,,,,,,Print Me!!,Print Me!!,Print Me!!,Print Me!!,elif entry point
,,,,,,,,,,elif entry point,elif entry point,elif entry point,elif entry point,Print Me!!
,,,,,,,,,,Print Me!!,Print Me!!,Print Me!!,Print Me!!,elif entry point
,,,,,,,,,,elif entry point,elif entry point,elif entry point,elif entry point,Print Me!!
,,,,,,,,,,Print Me!!,Print Me!!,Print Me!!,Print Me!!,elif entry point
,,,,,,,,,,Print Me!!,Print Me!!,Print Me!!,Print Me!!,Print Me!!
,,,,,,,,,,Print Me!!,Print Me!!,Print Me!!,Print Me!!,Print Me!!
,,,,,,,,,,Print Me!!,Print Me!!,Print Me!!,Print Me!!,Print Me!!
,,,,,,,,,,elif entry point,elif entry point,elif entry point,elif entry point,Print Me!!
,,,,,,,,,,Print Me!!,Print Me!!,Print Me!!,Print Me!!,elif entry point
,,,,,,,,,,elif entry point,elif entry point,elif entry point,elif entry point,Print Me!!
,,,,,,,,,,Print Me!!,Print Me!!,Print Me!!,Print Me!!,elif entry point
,,,,,,,,,,elif entry point,elif entry point,elif entry point,elif entry point,Print Me!!
,,,,,,,,,,Print Me!!,Print Me!!,Print Me!!,Print Me!!,elif entry point
,,,,,,,,,,Print Me!!,Print Me!!,Print Me!!,Print Me!!,Print Me!!
,,,,,,,,,,elif entry point,elif entry point,elif entry point,elif entry point,Print Me!!
,,,,,,,,,,Print Me!!,Print Me!!,Print Me!!,Print Me!!,elif entry point
,,,,,,,,,,elif entry point,elif entry point,elif entry point,elif entry point,Print Me!!
,,,,,,,,,,Print Me!!,Print Me!!,Print Me!!,Print Me!!,elif entry point
,,,,,,,,,,elif entry point,elif entry point,elif entry point,elif entry point,Print Me!!
,,,,,,,,,,Print Me!!,Print Me!!,Print Me!!,Print Me!!,elif entry point
,,,,,,,,,,Print Me!!,Print Me!!,Print Me!!,Print Me!!,Print Me!!
,,,,,,,,,,elif entry point,elif entry point,elif entry point,elif entry point,Print Me!!
,,,,,,,,,,Print Me!!,Print Me!!,Print Me!!,Print Me!!,elif entry point
,,,,,,,,,,elif entry point,elif entry point,elif entry point,elif entry point,Print Me!!
,,,,,,,,,,Print Me!!,Print Me!!,Print Me!!,Print Me!!,elif entry point
,,,,,,,,,,elif entry point,elif entry point,elif entry point,elif entry point,Print Me!!
,,,,,,,,,,Print Me!!,Print Me!!,Print Me!!,Print Me!!,elif entry point
,,,,,,,,,,Print Me!!,Print Me!!,Print Me!!,Print Me!!,Print Me!!
,,,,,,,,,,Print Me!!,Print Me!!,Print Me!!,Print Me!!,Print Me!!
,,,,,,,,,,elif entry point,elif entry point,elif entry point,elif entry point,Print Me!!
,,,,,,,,,,Print Me!!,Print Me!!,Print Me!!,Print Me!!,elif entry point
,,,,,,,,,,elif entry point,elif entry point,elif entry point,elif entry point,Print Me!!
,,,,,,,,,,Print Me!!,Print Me!!,Print Me!!,Print Me!!,elif entry point
,,,,,,,,,,elif entry point,elif entry point,elif entry point,elif entry point,Print Me!!
,,,,,,,,,,Print Me!!,Print Me!!,Print Me!!,Print Me!!,elif entry point
,,,,,,,,,,Print Me!!,Print Me!!,Print Me!!,Print Me!!,Print Me!!
,,,,,,,,,,elif entry point,elif entry point,elif entry point,elif entry point,Print Me!!
,,,,,,,,,,Print Me!!,Print Me!!,Print Me!!,Print Me!!,elif entry point
,,,,,,,,,,elif entry point,elif entry point,elif entry point,elif entry point,Print Me!!
,,,,,,,,,,Print Me!!,Print Me!!,Print Me!!,Print Me!!,elif entry point
,,,,,,,,,,elif entry point,elif entry point,elif entry point,elif entry point,Print Me!!
,,,,,,,,,,Print Me!!,Print Me!!,Print Me!!,Print Me!!,elif entry point
,,,,,,,,,,Print Me!!,Print Me!!,Print Me!!,Print Me!!,Print Me!!
,,,,,,,,,,elif entry point,elif entry point,elif entry point,elif entry point,Print Me!!
,,,,,,,,,,Print Me!!,Print Me!!,Print Me!!,Print Me!!,elif entry point
,,,,,,,,,,elif entry point,elif entry point,elif entry point,elif entry point,Print Me!!
,,,,,,,,,,Print Me!!,Print Me!!,Print Me!!,Print Me!!,elif entry point
,,,,,,,,,,elif entry point,elif entry point,elif entry point,elif entry point,Print Me!!
,,,,,,,,,,Print Me!!,Print Me!!,Print Me!!,Print Me!!,elif entry point
,,,,,,,,,,Print Me!!,Print Me!!,Print Me!!,Print Me!!,Print Me!!
,,,,,,,,,,Print Me!!,Print Me!!,Print Me!!,Print Me!!,Print Me!!
,,,,,,,,,,elif entry point,elif entry point,elif entry point,elif entry point,Print Me!!
,,,,,,,,,,Print Me!!,Print Me!!,Print Me!!,Print Me!!,elif entry point
,,,,,,,,,,elif entry point,elif entry point,elif entry point,elif entry point,Print Me!!
,,,,,,,,,,Print Me!!,Print Me!!,Print Me!!,Print Me!!,elif entry point
,,,,,,,,,,elif entry point,elif entry point,elif entry point,elif entry point,Print Me!!
,,,,,,,,,,Print Me!!,Print Me!!,Print Me!!,Print Me!!,elif entry point
,,,,,,,,,,Print Me!!,Print Me!!,Print Me!!,Print Me!!,Print Me!!
,,,,,,,,,,elif entry point,elif entry point,elif entry point,elif entry point,Print Me!!
,,,,,,,,,,Print Me!!,Print Me!!,Print Me!!,Print Me!!,elif entry point
,,,,,,,,,,elif entry point,elif entry point,elif entry point,elif entry point,Print Me!!
,,,,,,,,,,Print Me!!,Print Me!!,Print Me!!,Print Me!!,elif entry point
,,,,,,,,,,elif entry point,elif entry point,elif entry point,elif entry point,Print Me!!
,,,,,,,,,,Print Me!!,Print Me!!,Print Me!!,Print Me!!,elif entry point
,,,,,,,,,,Print Me!!,Print Me!!,Print Me!!,Print Me!!,Print Me!!
,,,,,,,,,,elif entry point,elif entry point,elif entry point,elif entry point,Print Me!!
,,,,,,,,,,Print Me!!,Print Me!!,Print Me!!,Print Me!!,elif entry point
,,,,,,,,,,elif entry point,elif entry point,elif entry point,elif entry point,Print Me!!
,,,,,,,,,,Print Me!!,Print Me!!,Print Me!!,Print Me!!,elif entry point
,,,,,,,,,,elif entry point,elif entry point,elif entry point,elif entry point,Print Me!!
,,,,,,,,,,Print Me!!,Print Me!!,Print Me!!,Print Me!!,elif entry point
,,,,,,,,,,Print Me!!,Print Me!!,Print Me!!,Print Me!!,Print Me!!
,,,,,,,,,,Print Me!!,Print Me!!,Print Me!!,Print Me!!,Print Me!!
,,,,,,,,,,Print Me!!,Print Me!!,Print Me!!,Print Me!!,Print Me!!
,,,,,,,,,,elif entry point,elif entry point,elif entry point,elif entry point,Print Me!!
,,,,,,,,,,Print Me!!,Print Me!!,Print Me!!,Print Me!!,elif entry point
,,,,,,,,,,elif entry point,elif entry point,elif entry point,elif entry point,Print Me!!
,,,,,,,,,,Print Me!!,Print Me!!,Print Me!!,Print Me!!,elif entry point
,,,,,,,,,,elif entry point,elif entry point,elif entry point,elif entry point,Print Me!!
,,,,,,,,,,Print Me!!,Print Me!!,Print Me!!,Print Me!!,elif entry point
,,,,,,,,,,Print Me!!,Print Me!!,Print Me!!,Print Me!!,Print Me!!
,,,,,,,,,,elif entry point,elif entry point,elif entry point,elif entry point,Print Me!!
,,,,,,,,,,Print Me!!,Print Me!!,Print Me!!,Print Me!!,elif entry point
,,,,,,,,,,elif entry point,elif entry point,elif entry point,elif entry point,Print Me!!
,,,,,,,,,,Print Me!!,Print Me!!,Print Me!!,Print Me!!,elif entry point
,,,,,,,,,,elif entry point,elif entry point,elif entry point,elif entry point,Print Me!!
,,,,,,,,,,Print Me!!,Print Me!!,Print Me!!,Print Me!!,elif entry point
,,,,,,,,,,Print Me!!,Print Me!!,Print Me!!,Print Me!!,Print Me!!
,,,,,,,,,,elif entry point,elif entry point,elif entry point,elif entry point,Print Me!!
,,,,,,,,,,Print Me!!,Print Me!!,Print Me!!,Print Me!!,elif entry point
,,,,,,,,,,elif entry point,elif entry point,elif entry point,elif entry point,Print Me!!
,,,,,,,,,,Print Me!!,Print Me!!,Print Me!!,Print Me!!,elif entry point
,,,,,,,,,,elif entry point,elif entry point,elif entry point,elif entry point,Print Me!!
,,,,,,,,,,Print Me!!,Print Me!!,Print Me!!,Print Me!!,elif entry point
,,,,,,,,,,Print Me!!,Print Me!!,Print Me!!,Print Me!!,Print Me!!
,,,,,,,,,,Print Me!!,Print Me!!,Print Me!!,Print Me!!,Print Me!!
,,,,,,,,,,elif entry point,elif entry point,elif entry point,elif entry point,Print Me!!
,,,,,,,,,,Print Me!!,Print Me!!,Print Me!!,Print Me!!,elif entry point
,,,,,,,,,,elif entry point,elif entry point,elif entry point,elif entry point,Print Me!!
,,,,,,,,,,Print Me!!,Print Me!!,Print Me!!,Print Me!!,elif entry point
,,,,,,,,,,elif entry point,elif entry point,elif entry point,elif entry point,Print Me!!
,,,,,,,,,,Print Me!!,Print Me!!,Print Me!!,Print Me!!,elif entry point
,,,,,,,,,,Print Me!!,Print Me!!,Print Me!!,Print Me!!,Print Me!!
,,,,,,,,,,elif entry point,elif entry point,elif entry point,elif entry point,Print Me!!
,,,,,,,,,,Print Me!!,Print Me!!,Print Me!!,Print Me!!,elif entry point
,,,,,,,,,,elif entry point,elif entry point,elif entry point,elif entry point,Print Me!!
,,,,,,,,,,Print Me!!,Print Me!!,Print Me!!,Print Me!!,elif entry point
,,,,,,,,,,elif entry point,elif entry point,elif entry point,elif entry point,Print Me!!
,,,,,,,,,,Print Me!!,Print Me!!,Print Me!!,Print Me!!,elif entry point
,,,,,,,,,,Print Me!!,Print Me!!,Print Me!!,Print Me!!,Print Me!!
,,,,,,,,,,elif entry point,elif entry point,elif entry point,elif entry point,Print Me!!
,,,,,,,,,,Print Me!!,Print Me!!,Print Me!!,Print Me!!,elif entry point
,,,,,,,,,,elif entry point,elif entry point,elif entry point,elif entry point,Print Me!!
,,,,,,,,,,Print Me!!,Print Me!!,Print Me!!,Print Me!!,elif entry point
,,,,,,,,,,elif entry point,elif entry point,elif entry point,elif entry point,Print Me!!
,,,,,,,,,,Print Me!!,Print Me!!,Print Me!!,Print Me!!,elif entry point
,,,,,,,,,,Print Me!!,Print Me!!,Print Me!!,Print Me!!,Print Me!!
,,,,,,,,,,Print Me!!,Print Me!!,Print Me!!,Print Me!!,Print Me!!
,,,,,,,,,,elif entry point,elif entry point,elif entry point,elif entry point,Print Me!!
,,,,,,,,,,Print Me!!,Print Me!!,Print Me!!,Print Me!!,elif entry point
,,,,,,,,,,elif entry point,elif entry point,elif entry point,elif entry point,Print Me!!
,,,,,,,,,,Print Me!!,Print Me!!,Print Me!!,Print Me!!,elif entry point
,,,,,,,,,,elif entry point,elif entry point,elif entry point,elif entry point,Print Me!!
,,,,,,,,,,Print Me!!,Print Me!!,Print Me!!,Print Me!!,elif entry point
,,,,,,,,,,Print Me!!,Print Me!!,Print Me!!,Print Me!!,Print Me!!
,,,,,,,,,,elif entry point,elif entry point,elif entry point,elif entry point,Print Me!!
,,,,,,,,,,Print Me!!,Print Me!!,Print Me!!,Print Me!!,elif entry point
,,,,,,,,,,elif entry point,elif entry point,elif entry point,elif entry point,Print Me!!
,,,,,,,,,,Print Me!!,Print Me!!,Print Me!!,Print Me!!,elif entry point
,,,,,,,,,,elif entry point,elif entry point,elif entry point,elif entry point,Print Me!!
,,,,,,,,,,Print Me!!,Print Me!!,Print Me!!,Print Me!!,elif entry point
,,,,,,,,,,Print Me!!,Print Me!!,Print Me!!,Print Me!!,Print Me!!
,,,,,,,,,,elif entry point,elif entry point,elif entry point,elif entry point,Print Me!!
,,,,,,,,,,Print Me!!,Print Me!!,Print Me!!,Print Me!!,elif entry point
,,,,,,,,,,elif entry point,elif entry point,elif entry point,elif entry point,Print Me!!
,,,,,,,,,,Print Me!!,Print Me!!,Print Me!!,Print Me!!,elif entry point
,,,,,,,,,,elif entry point,elif entry point,elif entry point,elif entry point,Print Me!!
,,,,,,,,,,"[3, 5, 6, 7, 8, 9, 10, 11, 12, 18]","[2, 3, 3, 4, 5, 7, 8, 9, 23, 45, 45]","[1, 2, 3, 3, 4, 5, 7, 8, 9, 23, 45, 45]","[1, 2, 3, 3, 4, 5, 7, 8, 9, 18, 23, 45, 45]",elif entry point
,,,,,,,,,,,,,,Print Me!!
,,,,,,,,,,,,,,Print Me!!
,,,,,,,,,,,,,,Print Me!!
,,,,,,,,,,,,,,Print Me!!
,,,,,,,,,,,,,,Print Me!!
,,,,,,,,,,,,,,Print Me!!
,,,,,,,,,,,,,,elif entry point
,,,,,,,,,,,,,,Print Me!!
,,,,,,,,,,,,,,elif entry point
,,,,,,,,,,,,,,Print Me!!
,,,,,,,,,,,,,,elif entry point
,,,,,,,,,,,,,,Print Me!!
,,,,,,,,,,,,,,Print Me!!
,,,,,,,,,,,,,,elif entry point
,,,,,,,,,,,,,,Print Me!!
,,,,,,,,,,,,,,elif entry point
,,,,,,,,,,,,,,Print Me!!
,,,,,,,,,,,,,,elif entry point
,,,,,,,,,,,,,,Print Me!!
,,,,,,,,,,,,,,Print Me!!
,,,,,,,,,,,,,,elif entry point
,,,,,,,,,,,,,,Print Me!!
,,,,,,,,,,,,,,elif entry point
,,,,,,,,,,,,,,Print Me!!
,,,,,,,,,,,,,,elif entry point
,,,,,,,,,,,,,,Print Me!!
,,,,,,,,,,,,,,Print Me!!
,,,,,,,,,,,,,,Print Me!!
,,,,,,,,,,,,,,elif entry point
,,,,,,,,,,,,,,Print Me!!
,,,,,,,,,,,,,,elif entry point
,,,,,,,,,,,,,,Print Me!!
,,,,,,,,,,,,,,elif entry point
,,,,,,,,,,,,,,Print Me!!
,,,,,,,,,,,,,,Print Me!!
,,,,,,,,,,,,,,elif entry point
,,,,,,,,,,,,,,Print Me!!
,,,,,,,,,,,,,,elif entry point
,,,,,,,,,,,,,,Print Me!!
,,,,,,,,,,,,,,elif entry point
,,,,,,,,,,,,,,Print Me!!
,,,,,,,,,,,,,,Print Me!!
,,,,,,,,,,,,,,elif entry point
,,,,,,,,,,,,,,Print Me!!
,,,,,,,,,,,,,,elif entry point
,,,,,,,,,,,,,,Print Me!!
,,,,,,,,,,,,,,elif entry point
,,,,,,,,,,,,,,Print Me!!
,,,,,,,,,,,,,,Print Me!!
,,,,,,,,,,,,,,Print Me!!
,,,,,,,,,,,,,,elif entry point
,,,,,,,,,,,,,,Print Me!!
,,,,,,,,,,,,,,elif entry point
,,,,,,,,,,,,,,Print Me!!
,,,,,,,,,,,,,,elif entry point
,,,,,,,,,,,,,,Print Me!!
,,,,,,,,,,,,,,Print Me!!
,,,,,,,,,,,,,,elif entry point
,,,,,,,,,,,,,,Print Me!!
,,,,,,,,,,,,,,elif entry point
,,,,,,,,,,,,,,Print Me!!
,,,,,,,,,,,,,,elif entry point
,,,,,,,,,,,,,,Print Me!!
,,,,,,,,,,,,,,Print Me!!
,,,,,,,,,,,,,,elif entry point
,,,,,,,,,,,,,,Print Me!!
,,,,,,,,,,,,,,elif entry point
,,,,,,,,,,,,,,Print Me!!
,,,,,,,,,,,,,,elif entry point
,,,,,,,,,,,,,,Print Me!!
,,,,,,,,,,,,,,Print Me!!
,,,,,,,,,,,,,,Print Me!!
,,,,,,,,,,,,,,Print Me!!
,,,,,,,,,,,,,,elif entry point
,,,,,,,,,,,,,,Print Me!!
,,,,,,,,,,,,,,elif entry point
,,,,,,,,,,,,,,Print Me!!
,,,,,,,,,,,,,,elif entry point
,,,,,,,,,,,,,,Print Me!!
,,,,,,,,,,,,,,Print Me!!
,,,,,,,,,,,,,,elif entry point
,,,,,,,,,,,,,,Print Me!!
,,,,,,,,,,,,,,elif entry point
,,,,,,,,,,,,,,Print Me!!
,,,,,,,,,,,,,,elif entry point
,,,,,,,,,,,,,,Print Me!!
,,,,,,,,,,,,,,Print Me!!
,,,,,,,,,,,,,,elif entry point
,,,,,,,,,,,,,,Print Me!!
,,,,,,,,,,,,,,elif entry point
,,,,,,,,,,,,,,Print Me!!
,,,,,,,,,,,,,,elif entry point
,,,,,,,,,,,,,,Print Me!!
,,,,,,,,,,,,,,Print Me!!
,,,,,,,,,,,,,,Print Me!!
,,,,,,,,,,,,,,elif entry point
,,,,,,,,,,,,,,Print Me!!
,,,,,,,,,,,,,,elif entry point
,,,,,,,,,,,,,,Print Me!!
,,,,,,,,,,,,,,elif entry point
,,,,,,,,,,,,,,Print Me!!
,,,,,,,,,,,,,,Print Me!!
,,,,,,,,,,,,,,elif entry point
,,,,,,,,,,,,,,Print Me!!
,,,,,,,,,,,,,,elif entry point
,,,,,,,,,,,,,,Print Me!!
,,,,,,,,,,,,,,elif entry point
,,,,,,,,,,,,,,Print Me!!
,,,,,,,,,,,,,,Print Me!!
,,,,,,,,,,,,,,elif entry point
,,,,,,,,,,,,,,Print Me!!
,,,,,,,,,,,,,,elif entry point
,,,,,,,,,,,,,,Print Me!!
,,,,,,,,,,,,,,elif entry point
,,,,,,,,,,,,,,Print Me!!
,,,,,,,,,,,,,,Print Me!!
,,,,,,,,,,,,,,Print Me!!
,,,,,,,,,,,,,,elif entry point
,,,,,,,,,,,,,,Print Me!!
,,,,,,,,,,,,,,elif entry point
,,,,,,,,,,,,,,Print Me!!
,,,,,,,,,,,,,,elif entry point
,,,,,,,,,,,,,,Print Me!!
,,,,,,,,,,,,,,Print Me!!
,,,,,,,,,,,,,,elif entry point
,,,,,,,,,,,,,,Print Me!!
,,,,,,,,,,,,,,elif entry point
,,,,,,,,,,,,,,Print Me!!
,,,,,,,,,,,,,,elif entry point
,,,,,,,,,,,,,,Print Me!!
,,,,,,,,,,,,,,Print Me!!
,,,,,,,,,,,,,,elif entry point
,,,,,,,,,,,,,,Print Me!!
,,,,,,,,,,,,,,elif entry point
,,,,,,,,,,,,,,Print Me!!
,,,,,,,,,,,,,,elif entry point
,,,,,,,,,,,,,,Print Me!!
,,,,,,,,,,,,,,Print Me!!
,,,,,,,,,,,,,,Print Me!!
,,,,,,,,,,,,,,Print Me!!
,,,,,,,,,,,,,,elif entry point
,,,,,,,,,,,,,,Print Me!!
,,,,,,,,,,,,,,elif entry point
,,,,,,,,,,,,,,Print Me!!
,,,,,,,,,,,,,,elif entry point
,,,,,,,,,,,,,,Print Me!!
,,,,,,,,,,,,,,Print Me!!
,,,,,,,,,,,,,,elif entry point
,,,,,,,,,,,,,,Print Me!!
,,,,,,,,,,,,,,elif entry point
,,,,,,,,,,,,,,Print Me!!
,,,,,,,,,,,,,,elif entry point
,,,,,,,,,,,,,,Print Me!!
,,,,,,,,,,,,,,Print Me!!
,,,,,,,,,,,,,,elif entry point
,,,,,,,,,,,,,,Print Me!!
,,,,,,,,,,,,,,elif entry point
,,,,,,,,,,,,,,Print Me!!
,,,,,,,,,,,,,,elif entry point
,,,,,,,,,,,,,,Print Me!!
,,,,,,,,,,,,,,Print Me!!
,,,,,,,,,,,,,,Print Me!!
,,,,,,,,,,,,,,elif entry point
,,,,,,,,,,,,,,Print Me!!
,,,,,,,,,,,,,,elif entry point
,,,,,,,,,,,,,,Print Me!!
,,,,,,,,,,,,,,elif entry point
,,,,,,,,,,,,,,Print Me!!
,,,,,,,,,,,,,,Print Me!!
,,,,,,,,,,,,,,elif entry point
,,,,,,,,,,,,,,Print Me!!
,,,,,,,,,,,,,,elif entry point
,,,,,,,,,,,,,,Print Me!!
,,,,,,,,,,,,,,elif entry point
,,,,,,,,,,,,,,Print Me!!
,,,,,,,,,,,,,,Print Me!!
,,,,,,,,,,,,,,elif entry point
,,,,,,,,,,,,,,Print Me!!
,,,,,,,,,,,,,,elif entry point
,,,,,,,,,,,,,,Print Me!!
,,,,,,,,,,,,,,elif entry point
,,,,,,,,,,,,,,Print Me!!
,,,,,,,,,,,,,,Print Me!!
,,,,,,,,,,,,,,Print Me!!
,,,,,,,,,,,,,,elif entry point
,,,,,,,,,,,,,,Print Me!!
,,,,,,,,,,,,,,elif entry point
,,,,,,,,,,,,,,Print Me!!
,,,,,,,,,,,,,,elif entry point
,,,,,,,,,,,,,,Print Me!!
,,,,,,,,,,,,,,Print Me!!
,,,,,,,,,,,,,,elif entry point
,,,,,,,,,,,,,,Print Me!!
,,,,,,,,,,,,,,elif entry point
,,,,,,,,,,,,,,Print Me!!
,,,,,,,,,,,,,,elif entry point
,,,,,,,,,,,,,,Print Me!!
,,,,,,,,,,,,,,Print Me!!
,,,,,,,,,,,,,,elif entry point
,,,,,,,,,,,,,,Print Me!!
,,,,,,,,,,,,,,elif entry point
,,,,,,,,,,,,,,Print Me!!
,,,,,,,,,,,,,,elif entry point
,,,,,,,,,,,,,,Print Me!!
,,,,,,,,,,,,,,Print Me!!
,,,,,,,,,,,,,,Print Me!!
,,,,,,,,,,,,,,Print Me!!
,,,,,,,,,,,,,,Print Me!!
,,,,,,,,,,,,,,elif entry point
,,,,,,,,,,,,,,Print Me!!
,,,,,,,,,,,,,,elif entry point
,,,,,,,,,,,,,,Print Me!!
,,,,,,,,,,,,,,elif entry point
,,,,,,,,,,,,,,Print Me!!
,,,,,,,,,,,,,,Print Me!!
,,,,,,,,,,,,,,elif entry point
,,,,,,,,,,,,,,Print Me!!
,,,,,,,,,,,,,,elif entry point
,,,,,,,,,,,,,,Print Me!!
,,,,,,,,,,,,,,elif entry point
,,,,,,,,,,,,,,Print Me!!
,,,,,,,,,,,,,,Print Me!!
,,,,,,,,,,,,,,elif entry point
,,,,,,,,,,,,,,Print Me!!
,,,,,,,,,,,,,,elif entry point
,,,,,,,,,,,,,,Print Me!!
,,,,,,,,,,,,,,elif entry point
,,,,,,,,,,,,,,Print Me!!
,,,,,,,,,,,,,,Print Me!!
,,,,,,,,,,,,,,Print Me!!
,,,,,,,,,,,,,,elif entry point
,,,,,,,,,,,,,,Print Me!!
,,,,,,,,,,,,,,elif entry point
,,,,,,,,,,,,,,Print Me!!
,,,,,,,,,,,,,,elif entry point
,,,,,,,,,,,,,,Print Me!!
,,,,,,,,,,,,,,Print Me!!
,,,,,,,,,,,,,,elif entry point
,,,,,,,,,,,,,,Print Me!!
,,,,,,,,,,,,,,elif entry point
,,,,,,,,,,,,,,Print Me!!
,,,,,,,,,,,,,,elif entry point
,,,,,,,,,,,,,,Print Me!!
,,,,,,,,,,,,,,Print Me!!
,,,,,,,,,,,,,,elif entry point
,,,,,,,,,,,,,,Print Me!!
,,,,,,,,,,,,,,elif entry point
,,,,,,,,,,,,,,Print Me!!
,,,,,,,,,,,,,,elif entry point
,,,,,,,,,,,,,,Print Me!!
,,,,,,,,,,,,,,Print Me!!
,,,,,,,,,,,,,,Print Me!!
,,,,,,,,,,,,,,elif entry point
,,,,,,,,,,,,,,Print Me!!
,,,,,,,,,,,,,,elif entry point
,,,,,,,,,,,,,,Print Me!!
,,,,,,,,,,,,,,elif entry point
,,,,,,,,,,,,,,Print Me!!
,,,,,,,,,,,,,,Print Me!!
,,,,,,,,,,,,,,elif entry point
,,,,,,,,,,,,,,Print Me!!
,,,,,,,,,,,,,,elif entry point
,,,,,,,,,,,,,,Print Me!!
,,,,,,,,,,,,,,elif entry point
,,,,,,,,,,,,,,Print Me!!
,,,,,,,,,,,,,,Print Me!!
,,,,,,,,,,,,,,elif entry point
,,,,,,,,,,,,,,Print Me!!
,,,,,,,,,,,,,,elif entry point
,,,,,,,,,,,,,,Print Me!!
,,,,,,,,,,,,,,elif entry point
,,,,,,,,,,,,,,Print Me!!
,,,,,,,,,,,,,,Print Me!!
,,,,,,,,,,,,,,Print Me!!
,,,,,,,,,,,,,,Print Me!!
,,,,,,,,,,,,,,elif entry point
,,,,,,,,,,,,,,Print Me!!
,,,,,,,,,,,,,,elif entry point
,,,,,,,,,,,,,,Print Me!!
,,,,,,,,,,,,,,elif entry point
,,,,,,,,,,,,,,Print Me!!
,,,,,,,,,,,,,,Print Me!!
,,,,,,,,,,,,,,elif entry point
,,,,,,,,,,,,,,Print Me!!
,,,,,,,,,,,,,,elif entry point
,,,,,,,,,,,,,,Print Me!!
,,,,,,,,,,,,,,elif entry point
,,,,,,,,,,,,,,Print Me!!
,,,,,,,,,,,,,,Print Me!!
,,,,,,,,,,,,,,elif entry point
,,,,,,,,,,,,,,Print Me!!
,,,,,,,,,,,,,,elif entry point
,,,,,,,,,,,,,,Print Me!!
,,,,,,,,,,,,,,elif entry point
,,,,,,,,,,,,,,Print Me!!
,,,,,,,,,,,,,,Print Me!!
,,,,,,,,,,,,,,Print Me!!
,,,,,,,,,,,,,,elif entry point
,,,,,,,,,,,,,,Print Me!!
,,,,,,,,,,,,,,elif entry point
,,,,,,,,,,,,,,Print Me!!
,,,,,,,,,,,,,,elif entry point
,,,,,,,,,,,,,,Print Me!!
,,,,,,,,,,,,,,Print Me!!
,,,,,,,,,,,,,,elif entry point
,,,,,,,,,,,,,,Print Me!!
,,,,,,,,,,,,,,elif entry point
,,,,,,,,,,,,,,Print Me!!
,,,,,,,,,,,,,,elif entry point
,,,,,,,,,,,,,,Print Me!!
,,,,,,,,,,,,,,Print Me!!
,,,,,,,,,,,,,,elif entry point
,,,,,,,,,,,,,,Print Me!!
,,,,,,,,,,,,,,elif entry point
,,,,,,,,,,,,,,Print Me!!
,,,,,,,,,,,,,,elif entry point
,,,,,,,,,,,,,,Print Me!!
,,,,,,,,,,,,,,Print Me!!
,,,,,,,,,,,,,,Print Me!!
,,,,,,,,,,,,,,elif entry point
,,,,,,,,,,,,,,Print Me!!
,,,,,,,,,,,,,,elif entry point
,,,,,,,,,,,,,,Print Me!!
,,,,,,,,,,,,,,elif entry point
,,,,,,,,,,,,,,Print Me!!
,,,,,,,,,,,,,,Print Me!!
,,,,,,,,,,,,,,elif entry point
,,,,,,,,,,,,,,Print Me!!
,,,,,,,,,,,,,,elif entry point
,,,,,,,,,,,,,,Print Me!!
,,,,,,,,,,,,,,elif entry point
,,,,,,,,,,,,,,Print Me!!
,,,,,,,,,,,,,,Print Me!!
,,,,,,,,,,,,,,elif entry point
,,,,,,,,,,,,,,Print Me!!
,,,,,,,,,,,,,,elif entry point
,,,,,,,,,,,,,,Print Me!!
,,,,,,,,,,,,,,elif entry point
,,,,,,,,,,,,,,Print Me!!
,,,,,,,,,,,,,,Print Me!!
,,,,,,,,,,,,,,Print Me!!
,,,,,,,,,,,,,,Print Me!!
,,,,,,,,,,,,,,elif entry point
,,,,,,,,,,,,,,Print Me!!
,,,,,,,,,,,,,,elif entry point
,,,,,,,,,,,,,,Print Me!!
,,,,,,,,,,,,,,elif entry point
,,,,,,,,,,,,,,Print Me!!
,,,,,,,,,,,,,,Print Me!!
,,,,,,,,,,,,,,elif entry point
,,,,,,,,,,,,,,Print Me!!
,,,,,,,,,,,,,,elif entry point
,,,,,,,,,,,,,,Print Me!!
,,,,,,,,,,,,,,elif entry point
,,,,,,,,,,,,,,Print Me!!
,,,,,,,,,,,,,,Print Me!!
,,,,,,,,,,,,,,elif entry point
,,,,,,,,,,,,,,Print Me!!
,,,,,,,,,,,,,,elif entry point
,,,,,,,,,,,,,,Print Me!!
,,,,,,,,,,,,,,elif entry point
,,,,,,,,,,,,,,Print Me!!
,,,,,,,,,,,,,,Print Me!!
,,,,,,,,,,,,,,Print Me!!
,,,,,,,,,,,,,,elif entry point
,,,,,,,,,,,,,,Print Me!!
,,,,,,,,,,,,,,elif entry point
,,,,,,,,,,,,,,Print Me!!
,,,,,,,,,,,,,,elif entry point
,,,,,,,,,,,,,,Print Me!!
,,,,,,,,,,,,,,Print Me!!
,,,,,,,,,,,,,,elif entry point
,,,,,,,,,,,,,,Print Me!!
,,,,,,,,,,,,,,elif entry point
,,,,,,,,,,,,,,Print Me!!
,,,,,,,,,,,,,,elif entry point
,,,,,,,,,,,,,,Print Me!!
,,,,,,,,,,,,,,Print Me!!
,,,,,,,,,,,,,,elif entry point
,,,,,,,,,,,,,,Print Me!!
,,,,,,,,,,,,,,elif entry point
,,,,,,,,,,,,,,Print Me!!
,,,,,,,,,,,,,,elif entry point
,,,,,,,,,,,,,,Print Me!!
,,,,,,,,,,,,,,Print Me!!
,,,,,,,,,,,,,,Print Me!!
,,,,,,,,,,,,,,elif entry point
,,,,,,,,,,,,,,Print Me!!
,,,,,,,,,,,,,,elif entry point
,,,,,,,,,,,,,,Print Me!!
,,,,,,,,,,,,,,elif entry point
,,,,,,,,,,,,,,Print Me!!
,,,,,,,,,,,,,,Print Me!!
,,,,,,,,,,,,,,elif entry point
,,,,,,,,,,,,,,Print Me!!
,,,,,,,,,,,,,,elif entry point
,,,,,,,,,,,,,,Print Me!!
,,,,,,,,,,,,,,elif entry point
,,,,,,,,,,,,,,Print Me!!
,,,,,,,,,,,,,,Print Me!!
,,,,,,,,,,,,,,elif entry point
,,,,,,,,,,,,,,Print Me!!
,,,,,,,,,,,,,,elif entry point
,,,,,,,,,,,,,,Print Me!!
,,,,,,,,,,,,,,elif entry point
,,,,,,,,,,,,,,Print Me!!
,,,,,,,,,,,,,,Print Me!!
,,,,,,,,,,,,,,Print Me!!
,,,,,,,,,,,,,,Print Me!!
,,,,,,,,,,,,,,Print Me!!
,,,,,,,,,,,,,,elif entry point
,,,,,,,,,,,,,,Print Me!!
,,,,,,,,,,,,,,elif entry point
,,,,,,,,,,,,,,Print Me!!
,,,,,,,,,,,,,,elif entry point
,,,,,,,,,,,,,,Print Me!!
,,,,,,,,,,,,,,Print Me!!
,,,,,,,,,,,,,,elif entry point
,,,,,,,,,,,,,,Print Me!!
,,,,,,,,,,,,,,elif entry point
,,,,,,,,,,,,,,Print Me!!
,,,,,,,,,,,,,,elif entry point
,,,,,,,,,,,,,,Print Me!!
,,,,,,,,,,,,,,Print Me!!
,,,,,,,,,,,,,,elif entry point
,,,,,,,,,,,,,,Print Me!!
,,,,,,,,,,,,,,elif entry point
,,,,,,,,,,,,,,Print Me!!
,,,,,,,,,,,,,,elif entry point
,,,,,,,,,,,,,,Print Me!!
,,,,,,,,,,,,,,Print Me!!
,,,,,,,,,,,,,,Print Me!!
,,,,,,,,,,,,,,elif entry point
,,,,,,,,,,,,,,Print Me!!
,,,,,,,,,,,,,,elif entry point
,,,,,,,,,,,,,,Print Me!!
,,,,,,,,,,,,,,elif entry point
,,,,,,,,,,,,,,Print Me!!
,,,,,,,,,,,,,,Print Me!!
,,,,,,,,,,,,,,elif entry point
,,,,,,,,,,,,,,Print Me!!
,,,,,,,,,,,,,,elif entry point
,,,,,,,,,,,,,,Print Me!!
,,,,,,,,,,,,,,elif entry point
,,,,,,,,,,,,,,Print Me!!
,,,,,,,,,,,,,,Print Me!!
,,,,,,,,,,,,,,elif entry point
,,,,,,,,,,,,,,Print Me!!
,,,,,,,,,,,,,,elif entry point
,,,,,,,,,,,,,,Print Me!!
,,,,,,,,,,,,,,elif entry point
,,,,,,,,,,,,,,Print Me!!
,,,,,,,,,,,,,,Print Me!!
,,,,,,,,,,,,,,Print Me!!
,,,,,,,,,,,,,,elif entry point
,,,,,,,,,,,,,,Print Me!!
,,,,,,,,,,,,,,elif entry point
,,,,,,,,,,,,,,Print Me!!
,,,,,,,,,,,,,,elif entry point
,,,,,,,,,,,,,,Print Me!!
,,,,,,,,,,,,,,Print Me!!
,,,,,,,,,,,,,,elif entry point
,,,,,,,,,,,,,,Print Me!!
,,,,,,,,,,,,,,elif entry point
,,,,,,,,,,,,,,Print Me!!
,,,,,,,,,,,,,,elif entry point
,,,,,,,,,,,,,,Print Me!!
,,,,,,,,,,,,,,Print Me!!
,,,,,,,,,,,,,,elif entry point
,,,,,,,,,,,,,,Print Me!!
,,,,,,,,,,,,,,elif entry point
,,,,,,,,,,,,,,Print Me!!
,,,,,,,,,,,,,,elif entry point
,,,,,,,,,,,,,,Print Me!!
,,,,,,,,,,,,,,Print Me!!
,,,,,,,,,,,,,,Print Me!!
,,,,,,,,,,,,,,Print Me!!
,,,,,,,,,,,,,,elif entry point
,,,,,,,,,,,,,,Print Me!!
,,,,,,,,,,,,,,elif entry point
,,,,,,,,,,,,,,Print Me!!
,,,,,,,,,,,,,,elif entry point
,,,,,,,,,,,,,,Print Me!!
,,,,,,,,,,,,,,Print Me!!
,,,,,,,,,,,,,,elif entry point
,,,,,,,,,,,,,,Print Me!!
,,,,,,,,,,,,,,elif entry point
,,,,,,,,,,,,,,Print Me!!
,,,,,,,,,,,,,,elif entry point
,,,,,,,,,,,,,,Print Me!!
,,,,,,,,,,,,,,Print Me!!
,,,,,,,,,,,,,,elif entry point
,,,,,,,,,,,,,,Print Me!!
,,,,,,,,,,,,,,elif entry point
,,,,,,,,,,,,,,Print Me!!
,,,,,,,,,,,,,,elif entry point
,,,,,,,,,,,,,,Print Me!!
,,,,,,,,,,,,,,Print Me!!
,,,,,,,,,,,,,,Print Me!!
,,,,,,,,,,,,,,elif entry point
,,,,,,,,,,,,,,Print Me!!
,,,,,,,,,,,,,,elif entry point
,,,,,,,,,,,,,,Print Me!!
,,,,,,,,,,,,,,elif entry point
,,,,,,,,,,,,,,Print Me!!
,,,,,,,,,,,,,,Print Me!!
,,,,,,,,,,,,,,elif entry point
,,,,,,,,,,,,,,Print Me!!
,,,,,,,,,,,,,,elif entry point
,,,,,,,,,,,,,,Print Me!!
,,,,,,,,,,,,,,elif entry point
,,,,,,,,,,,,,,Print Me!!
,,,,,,,,,,,,,,Print Me!!
,,,,,,,,,,,,,,elif entry point
,,,,,,,,,,,,,,Print Me!!
,,,,,,,,,,,,,,elif entry point
,,,,,,,,,,,,,,Print Me!!
,,,,,,,,,,,,,,elif entry point
,,,,,,,,,,,,,,Print Me!!
,,,,,,,,,,,,,,Print Me!!
,,,,,,,,,,,,,,Print Me!!
,,,,,,,,,,,,,,elif entry point
,,,,,,,,,,,,,,Print Me!!
,,,,,,,,,,,,,,elif entry point
,,,,,,,,,,,,,,Print Me!!
,,,,,,,,,,,,,,elif entry point
,,,,,,,,,,,,,,Print Me!!
,,,,,,,,,,,,,,Print Me!!
,,,,,,,,,,,,,,elif entry point
,,,,,,,,,,,,,,Print Me!!
,,,,,,,,,,,,,,elif entry point
,,,,,,,,,,,,,,Print Me!!
,,,,,,,,,,,,,,elif entry point
,,,,,,,,,,,,,,Print Me!!
,,,,,,,,,,,,,,Print Me!!
,,,,,,,,,,,,,,elif entry point
,,,,,,,,,,,,,,Print Me!!
,,,,,,,,,,,,,,elif entry point
,,,,,,,,,,,,,,Print Me!!
,,,,,,,,,,,,,,elif entry point
,,,,,,,,,,,,,,Print Me!!
,,,,,,,,,,,,,,Print Me!!
,,,,,,,,,,,,,,Print Me!!
,,,,,,,,,,,,,,Print Me!!
,,,,,,,,,,,,,,elif entry point
,,,,,,,,,,,,,,Print Me!!
,,,,,,,,,,,,,,elif entry point
,,,,,,,,,,,,,,Print Me!!
,,,,,,,,,,,,,,elif entry point
,,,,,,,,,,,,,,Print Me!!
,,,,,,,,,,,,,,Print Me!!
,,,,,,,,,,,,,,elif entry point
,,,,,,,,,,,,,,Print Me!!
,,,,,,,,,,,,,,elif entry point
,,,,,,,,,,,,,,Print Me!!
,,,,,,,,,,,,,,elif entry point
,,,,,,,,,,,,,,Print Me!!
,,,,,,,,,,,,,,Print Me!!
,,,,,,,,,,,,,,elif entry point
,,,,,,,,,,,,,,Print Me!!
,,,,,,,,,,,,,,elif entry point
,,,,,,,,,,,,,,Print Me!!
,,,,,,,,,,,,,,elif entry point
,,,,,,,,,,,,,,Print Me!!
,,,,,,,,,,,,,,Print Me!!
,,,,,,,,,,,,,,Print Me!!
,,,,,,,,,,,,,,elif entry point
,,,,,,,,,,,,,,Print Me!!
,,,,,,,,,,,,,,elif entry point
,,,,,,,,,,,,,,Print Me!!
,,,,,,,,,,,,,,elif entry point
,,,,,,,,,,,,,,Print Me!!
,,,,,,,,,,,,,,Print Me!!
,,,,,,,,,,,,,,elif entry point
,,,,,,,,,,,,,,Print Me!!
,,,,,,,,,,,,,,elif entry point
,,,,,,,,,,,,,,Print Me!!
,,,,,,,,,,,,,,elif entry point
,,,,,,,,,,,,,,Print Me!!
,,,,,,,,,,,,,,Print Me!!
,,,,,,,,,,,,,,elif entry point
,,,,,,,,,,,,,,Print Me!!
,,,,,,,,,,,,,,elif entry point
,,,,,,,,,,,,,,Print Me!!
,,,,,,,,,,,,,,elif entry point
,,,,,,,,,,,,,,Print Me!!
,,,,,,,,,,,,,,Print Me!!
,,,,,,,,,,,,,,Print Me!!
,,,,,,,,,,,,,,elif entry point
,,,,,,,,,,,,,,Print Me!!
,,,,,,,,,,,,,,elif entry point
,,,,,,,,,,,,,,Print Me!!
,,,,,,,,,,,,,,elif entry point
,,,,,,,,,,,,,,Print Me!!
,,,,,,,,,,,,,,Print Me!!
,,,,,,,,,,,,,,elif entry point
,,,,,,,,,,,,,,Print Me!!
,,,,,,,,,,,,,,elif entry point
,,,,,,,,,,,,,,Print Me!!
,,,,,,,,,,,,,,elif entry point
,,,,,,,,,,,,,,Print Me!!
,,,,,,,,,,,,,,Print Me!!
,,,,,,,,,,,,,,elif entry point
,,,,,,,,,,,,,,Print Me!!
,,,,,,,,,,,,,,elif entry point
,,,,,,,,,,,,,,Print Me!!
,,,,,,,,,,,,,,elif entry point
,,,,,,,,,,,,,,Print Me!!
,,,,,,,,,,,,,,Print Me!!
,,,,,,,,,,,,,,Print Me!!
,,,,,,,,,,,,,,Print Me!!
,,,,,,,,,,,,,,Print Me!!
,,,,,,,,,,,,,,Print Me!!
,,,,,,,,,,,,,,elif entry point
,,,,,,,,,,,,,,Print Me!!
,,,,,,,,,,,,,,elif entry point
,,,,,,,,,,,,,,Print Me!!
,,,,,,,,,,,,,,elif entry point
,,,,,,,,,,,,,,Print Me!!
,,,,,,,,,,,,,,Print Me!!
,,,,,,,,,,,,,,elif entry point
,,,,,,,,,,,,,,Print Me!!
,,,,,,,,,,,,,,elif entry point
,,,,,,,,,,,,,,Print Me!!
,,,,,,,,,,,,,,elif entry point
,,,,,,,,,,,,,,Print Me!!
,,,,,,,,,,,,,,Print Me!!
,,,,,,,,,,,,,,elif entry point
,,,,,,,,,,,,,,Print Me!!
,,,,,,,,,,,,,,elif entry point
,,,,,,,,,,,,,,Print Me!!
,,,,,,,,,,,,,,elif entry point
,,,,,,,,,,,,,,Print Me!!
,,,,,,,,,,,,,,Print Me!!
,,,,,,,,,,,,,,Print Me!!
,,,,,,,,,,,,,,elif entry point
,,,,,,,,,,,,,,Print Me!!
,,,,,,,,,,,,,,elif entry point
,,,,,,,,,,,,,,Print Me!!
,,,,,,,,,,,,,,elif entry point
,,,,,,,,,,,,,,Print Me!!
,,,,,,,,,,,,,,Print Me!!
,,,,,,,,,,,,,,elif entry point
,,,,,,,,,,,,,,Print Me!!
,,,,,,,,,,,,,,elif entry point
,,,,,,,,,,,,,,Print Me!!
,,,,,,,,,,,,,,elif entry point
,,,,,,,,,,,,,,Print Me!!
,,,,,,,,,,,,,,Print Me!!
,,,,,,,,,,,,,,elif entry point
,,,,,,,,,,,,,,Print Me!!
,,,,,,,,,,,,,,elif entry point
,,,,,,,,,,,,,,Print Me!!
,,,,,,,,,,,,,,elif entry point
,,,,,,,,,,,,,,Print Me!!
,,,,,,,,,,,,,,Print Me!!
,,,,,,,,,,,,,,Print Me!!
,,,,,,,,,,,,,,elif entry point
,,,,,,,,,,,,,,Print Me!!
,,,,,,,,,,,,,,elif entry point
,,,,,,,,,,,,,,Print Me!!
,,,,,,,,,,,,,,elif entry point
,,,,,,,,,,,,,,Print Me!!
,,,,,,,,,,,,,,Print Me!!
,,,,,,,,,,,,,,elif entry point
,,,,,,,,,,,,,,Print Me!!
,,,,,,,,,,,,,,elif entry point
,,,,,,,,,,,,,,Print Me!!
,,,,,,,,,,,,,,elif entry point
,,,,,,,,,,,,,,Print Me!!
,,,,,,,,,,,,,,Print Me!!
,,,,,,,,,,,,,,elif entry point
,,,,,,,,,,,,,,Print Me!!
,,,,,,,,,,,,,,elif entry point
,,,,,,,,,,,,,,Print Me!!
,,,,,,,,,,,,,,elif entry point
,,,,,,,,,,,,,,Print Me!!
,,,,,,,,,,,,,,Print Me!!
,,,,,,,,,,,,,,Print Me!!
,,,,,,,,,,,,,,Print Me!!
,,,,,,,,,,,,,,elif entry point
,,,,,,,,,,,,,,Print Me!!
,,,,,,,,,,,,,,elif entry point
,,,,,,,,,,,,,,Print Me!!
,,,,,,,,,,,,,,elif entry point
,,,,,,,,,,,,,,Print Me!!
,,,,,,,,,,,,,,Print Me!!
,,,,,,,,,,,,,,elif entry point
,,,,,,,,,,,,,,Print Me!!
,,,,,,,,,,,,,,elif entry point
,,,,,,,,,,,,,,Print Me!!
,,,,,,,,,,,,,,elif entry point
,,,,,,,,,,,,,,Print Me!!
,,,,,,,,,,,,,,Print Me!!
,,,,,,,,,,,,,,elif entry point
,,,,,,,,,,,,,,Print Me!!
,,,,,,,,,,,,,,elif entry point
,,,,,,,,,,,,,,Print Me!!
,,,,,,,,,,,,,,elif entry point
,,,,,,,,,,,,,,Print Me!!
,,,,,,,,,,,,,,Print Me!!
,,,,,,,,,,,,,,Print Me!!
,,,,,,,,,,,,,,elif entry point
,,,,,,,,,,,,,,Print Me!!
,,,,,,,,,,,,,,elif entry point
,,,,,,,,,,,,,,Print Me!!
,,,,,,,,,,,,,,elif entry point
,,,,,,,,,,,,,,Print Me!!
,,,,,,,,,,,,,,Print Me!!
,,,,,,,,,,,,,,elif entry point
,,,,,,,,,,,,,,Print Me!!
,,,,,,,,,,,,,,elif entry point
,,,,,,,,,,,,,,Print Me!!
,,,,,,,,,,,,,,elif entry point
,,,,,,,,,,,,,,Print Me!!
,,,,,,,,,,,,,,Print Me!!
,,,,,,,,,,,,,,elif entry point
,,,,,,,,,,,,,,Print Me!!
,,,,,,,,,,,,,,elif entry point
,,,,,,,,,,,,,,Print Me!!
,,,,,,,,,,,,,,elif entry point
,,,,,,,,,,,,,,Print Me!!
,,,,,,,,,,,,,,Print Me!!
,,,,,,,,,,,,,,Print Me!!
,,,,,,,,,,,,,,elif entry point
,,,,,,,,,,,,,,Print Me!!
,,,,,,,,,,,,,,elif entry point
,,,,,,,,,,,,,,Print Me!!
,,,,,,,,,,,,,,elif entry point
,,,,,,,,,,,,,,Print Me!!
,,,,,,,,,,,,,,Print Me!!
,,,,,,,,,,,,,,elif entry point
,,,,,,,,,,,,,,Print Me!!
,,,,,,,,,,,,,,elif entry point
,,,,,,,,,,,,,,Print Me!!
,,,,,,,,,,,,,,elif entry point
,,,,,,,,,,,,,,Print Me!!
,,,,,,,,,,,,,,Print Me!!
,,,,,,,,,,,,,,elif entry point
,,,,,,,,,,,,,,Print Me!!
,,,,,,,,,,,,,,elif entry point
,,,,,,,,,,,,,,Print Me!!
,,,,,,,,,,,,,,elif entry point
,,,,,,,,,,,,,,Print Me!!
,,,,,,,,,,,,,,Print Me!!
,,,,,,,,,,,,,,Print Me!!
,,,,,,,,,,,,,,Print Me!!
,,,,,,,,,,,,,,elif entry point
,,,,,,,,,,,,,,Print Me!!
,,,,,,,,,,,,,,elif entry point
,,,,,,,,,,,,,,Print Me!!
,,,,,,,,,,,,,,elif entry point
,,,,,,,,,,,,,,Print Me!!
,,,,,,,,,,,,,,Print Me!!
,,,,,,,,,,,,,,elif entry point
,,,,,,,,,,,,,,Print Me!!
,,,,,,,,,,,,,,elif entry point
,,,,,,,,,,,,,,Print Me!!
,,,,,,,,,,,,,,elif entry point
,,,,,,,,,,,,,,Print Me!!
,,,,,,,,,,,,,,Print Me!!
,,,,,,,,,,,,,,elif entry point
,,,,,,,,,,,,,,Print Me!!
,,,,,,,,,,,,,,elif entry point
,,,,,,,,,,,,,,Print Me!!
,,,,,,,,,,,,,,elif entry point
,,,,,,,,,,,,,,Print Me!!
,,,,,,,,,,,,,,Print Me!!
,,,,,,,,,,,,,,Print Me!!
,,,,,,,,,,,,,,elif entry point
,,,,,,,,,,,,,,Print Me!!
,,,,,,,,,,,,,,elif entry point
,,,,,,,,,,,,,,Print Me!!
,,,,,,,,,,,,,,elif entry point
,,,,,,,,,,,,,,Print Me!!
,,,,,,,,,,,,,,Print Me!!
,,,,,,,,,,,,,,elif entry point
,,,,,,,,,,,,,,Print Me!!
,,,,,,,,,,,,,,elif entry point
,,,,,,,,,,,,,,Print Me!!
,,,,,,,,,,,,,,elif entry point
,,,,,,,,,,,,,,Print Me!!
,,,,,,,,,,,,,,Print Me!!
,,,,,,,,,,,,,,elif entry point
,,,,,,,,,,,,,,Print Me!!
,,,,,,,,,,,,,,elif entry point
,,,,,,,,,,,,,,Print Me!!
,,,,,,,,,,,,,,elif entry point
,,,,,,,,,,,,,,Print Me!!
,,,,,,,,,,,,,,Print Me!!
,,,,,,,,,,,,,,Print Me!!
,,,,,,,,,,,,,,elif entry point
,,,,,,,,,,,,,,Print Me!!
,,,,,,,,,,,,,,elif entry point
,,,,,,,,,,,,,,Print Me!!
,,,,,,,,,,,,,,elif entry point
,,,,,,,,,,,,,,Print Me!!
,,,,,,,,,,,,,,Print Me!!
,,,,,,,,,,,,,,elif entry point
,,,,,,,,,,,,,,Print Me!!
,,,,,,,,,,,,,,elif entry point
,,,,,,,,,,,,,,Print Me!!
,,,,,,,,,,,,,,elif entry point
,,,,,,,,,,,,,,Print Me!!
,,,,,,,,,,,,,,Print Me!!
,,,,,,,,,,,,,,elif entry point
,,,,,,,,,,,,,,Print Me!!
,,,,,,,,,,,,,,elif entry point
,,,,,,,,,,,,,,Print Me!!
,,,,,,,,,,,,,,elif entry point
,,,,,,,,,,,,,,Print Me!!
,,,,,,,,,,,,,,Print Me!!
,,,,,,,,,,,,,,Print Me!!
,,,,,,,,,,,,,,Print Me!!
,,,,,,,,,,,,,,Print Me!!
,,,,,,,,,,,,,,elif entry point
,,,,,,,,,,,,,,Print Me!!
,,,,,,,,,,,,,,elif entry point
,,,,,,,,,,,,,,Print Me!!
,,,,,,,,,,,,,,elif entry point
,,,,,,,,,,,,,,Print Me!!
,,,,,,,,,,,,,,Print Me!!
,,,,,,,,,,,,,,elif entry point
,,,,,,,,,,,,,,Print Me!!
,,,,,,,,,,,,,,elif entry point
,,,,,,,,,,,,,,Print Me!!
,,,,,,,,,,,,,,elif entry point
,,,,,,,,,,,,,,Print Me!!
,,,,,,,,,,,,,,Print Me!!
,,,,,,,,,,,,,,elif entry point
,,,,,,,,,,,,,,Print Me!!
,,,,,,,,,,,,,,elif entry point
,,,,,,,,,,,,,,Print Me!!
,,,,,,,,,,,,,,elif entry point
,,,,,,,,,,,,,,Print Me!!
,,,,,,,,,,,,,,Print Me!!
,,,,,,,,,,,,,,Print Me!!
,,,,,,,,,,,,,,elif entry point
,,,,,,,,,,,,,,Print Me!!
,,,,,,,,,,,,,,elif entry point
,,,,,,,,,,,,,,Print Me!!
,,,,,,,,,,,,,,elif entry point
,,,,,,,,,,,,,,Print Me!!
,,,,,,,,,,,,,,Print Me!!
,,,,,,,,,,,,,,elif entry point
,,,,,,,,,,,,,,Print Me!!
,,,,,,,,,,,,,,elif entry point
,,,,,,,,,,,,,,Print Me!!
,,,,,,,,,,,,,,elif entry point
,,,,,,,,,,,,,,Print Me!!
,,,,,,,,,,,,,,Print Me!!
,,,,,,,,,,,,,,elif entry point
,,,,,,,,,,,,,,Print Me!!
,,,,,,,,,,,,,,elif entry point
,,,,,,,,,,,,,,Print Me!!
,,,,,,,,,,,,,,elif entry point
,,,,,,,,,,,,,,Print Me!!
,,,,,,,,,,,,,,Print Me!!
,,,,,,,,,,,,,,Print Me!!
,,,,,,,,,,,,,,elif entry point
,,,,,,,,,,,,,,Print Me!!
,,,,,,,,,,,,,,elif entry point
,,,,,,,,,,,,,,Print Me!!
,,,,,,,,,,,,,,elif entry point
,,,,,,,,,,,,,,Print Me!!
,,,,,,,,,,,,,,Print Me!!
,,,,,,,,,,,,,,elif entry point
,,,,,,,,,,,,,,Print Me!!
,,,,,,,,,,,,,,elif entry point
,,,,,,,,,,,,,,Print Me!!
,,,,,,,,,,,,,,elif entry point
,,,,,,,,,,,,,,Print Me!!
,,,,,,,,,,,,,,Print Me!!
,,,,,,,,,,,,,,elif entry point
,,,,,,,,,,,,,,Print Me!!
,,,,,,,,,,,,,,elif entry point
,,,,,,,,,,,,,,Print Me!!
,,,,,,,,,,,,,,elif entry point
,,,,,,,,,,,,,,Print Me!!
,,,,,,,,,,,,,,Print Me!!
,,,,,,,,,,,,,,Print Me!!
,,,,,,,,,,,,,,Print Me!!
,,,,,,,,,,,,,,elif entry point
,,,,,,,,,,,,,,Print Me!!
,,,,,,,,,,,,,,elif entry point
,,,,,,,,,,,,,,Print Me!!
,,,,,,,,,,,,,,elif entry point
,,,,,,,,,,,,,,Print Me!!
,,,,,,,,,,,,,,Print Me!!
,,,,,,,,,,,,,,elif entry point
,,,,,,,,,,,,,,Print Me!!
,,,,,,,,,,,,,,elif entry point
,,,,,,,,,,,,,,Print Me!!
,,,,,,,,,,,,,,elif entry point
,,,,,,,,,,,,,,Print Me!!
,,,,,,,,,,,,,,Print Me!!
,,,,,,,,,,,,,,elif entry point
,,,,,,,,,,,,,,Print Me!!
,,,,,,,,,,,,,,elif entry point
,,,,,,,,,,,,,,Print Me!!
,,,,,,,,,,,,,,elif entry point
,,,,,,,,,,,,,,Print Me!!
,,,,,,,,,,,,,,Print Me!!
,,,,,,,,,,,,,,Print Me!!
,,,,,,,,,,,,,,elif entry point
,,,,,,,,,,,,,,Print Me!!
,,,,,,,,,,,,,,elif entry point
,,,,,,,,,,,,,,Print Me!!
,,,,,,,,,,,,,,elif entry point
,,,,,,,,,,,,,,Print Me!!
,,,,,,,,,,,,,,Print Me!!
,,,,,,,,,,,,,,elif entry point
,,,,,,,,,,,,,,Print Me!!
,,,,,,,,,,,,,,elif entry point
,,,,,,,,,,,,,,Print Me!!
,,,,,,,,,,,,,,elif entry point
,,,,,,,,,,,,,,Print Me!!
,,,,,,,,,,,,,,Print Me!!
,,,,,,,,,,,,,,elif entry point
,,,,,,,,,,,,,,Print Me!!
,,,,,,,,,,,,,,elif entry point
,,,,,,,,,,,,,,Print Me!!
,,,,,,,,,,,,,,elif entry point
,,,,,,,,,,,,,,Print Me!!
,,,,,,,,,,,,,,Print Me!!
,,,,,,,,,,,,,,Print Me!!
,,,,,,,,,,,,,,elif entry point
,,,,,,,,,,,,,,Print Me!!
,,,,,,,,,,,,,,elif entry point
,,,,,,,,,,,,,,Print Me!!
,,,,,,,,,,,,,,elif entry point
,,,,,,,,,,,,,,Print Me!!
,,,,,,,,,,,,,,Print Me!!
,,,,,,,,,,,,,,elif entry point
,,,,,,,,,,,,,,Print Me!!
,,,,,,,,,,,,,,elif entry point
,,,,,,,,,,,,,,Print Me!!
,,,,,,,,,,,,,,elif entry point
,,,,,,,,,,,,,,Print Me!!
,,,,,,,,,,,,,,Print Me!!
,,,,,,,,,,,,,,elif entry point
,,,,,,,,,,,,,,Print Me!!
,,,,,,,,,,,,,,elif entry point
,,,,,,,,,,,,,,Print Me!!
,,,,,,,,,,,,,,elif entry point
,,,,,,,,,,,,,,Print Me!!
,,,,,,,,,,,,,,Print Me!!
,,,,,,,,,,,,,,Print Me!!
,,,,,,,,,,,,,,Print Me!!
,,,,,,,,,,,,,,elif entry point
,,,,,,,,,,,,,,Print Me!!
,,,,,,,,,,,,,,elif entry point
,,,,,,,,,,,,,,Print Me!!
,,,,,,,,,,,,,,elif entry point
,,,,,,,,,,,,,,Print Me!!
,,,,,,,,,,,,,,Print Me!!
,,,,,,,,,,,,,,elif entry point
,,,,,,,,,,,,,,Print Me!!
,,,,,,,,,,,,,,elif entry point
,,,,,,,,,,,,,,Print Me!!
,,,,,,,,,,,,,,elif entry point
,,,,,,,,,,,,,,Print Me!!
,,,,,,,,,,,,,,Print Me!!
,,,,,,,,,,,,,,elif entry point
,,,,,,,,,,,,,,Print Me!!
,,,,,,,,,,,,,,elif entry point
,,,,,,,,,,,,,,Print Me!!
,,,,,,,,,,,,,,elif entry point
,,,,,,,,,,,,,,Print Me!!
,,,,,,,,,,,,,,Print Me!!
,,,,,,,,,,,,,,Print Me!!
,,,,,,,,,,,,,,elif entry point
,,,,,,,,,,,,,,Print Me!!
,,,,,,,,,,,,,,elif entry point
,,,,,,,,,,,,,,Print Me!!
,,,,,,,,,,,,,,elif entry point
,,,,,,,,,,,,,,Print Me!!
,,,,,,,,,,,,,,Print Me!!
,,,,,,,,,,,,,,elif entry point
,,,,,,,,,,,,,,Print Me!!
,,,,,,,,,,,,,,elif entry point
,,,,,,,,,,,,,,Print Me!!
,,,,,,,,,,,,,,elif entry point
,,,,,,,,,,,,,,Print Me!!
,,,,,,,,,,,,,,Print Me!!
,,,,,,,,,,,,,,elif entry point
,,,,,,,,,,,,,,Print Me!!
,,,,,,,,,,,,,,elif entry point
,,,,,,,,,,,,,,Print Me!!
,,,,,,,,,,,,,,elif entry point
,,,,,,,,,,,,,,Print Me!!
,,,,,,,,,,,,,,Print Me!!
,,,,,,,,,,,,,,Print Me!!
,,,,,,,,,,,,,,elif entry point
,,,,,,,,,,,,,,Print Me!!
,,,,,,,,,,,,,,elif entry point
,,,,,,,,,,,,,,Print Me!!
,,,,,,,,,,,,,,elif entry point
,,,,,,,,,,,,,,Print Me!!
,,,,,,,,,,,,,,Print Me!!
,,,,,,,,,,,,,,elif entry point
,,,,,,,,,,,,,,Print Me!!
,,,,,,,,,,,,,,elif entry point
,,,,,,,,,,,,,,Print Me!!
,,,,,,,,,,,,,,elif entry point
,,,,,,,,,,,,,,Print Me!!
,,,,,,,,,,,,,,Print Me!!
,,,,,,,,,,,,,,elif entry point
,,,,,,,,,,,,,,Print Me!!
,,,,,,,,,,,,,,elif entry point
,,,,,,,,,,,,,,Print Me!!
,,,,,,,,,,,,,,elif entry point
,,,,,,,,,,,,,,Print Me!!
,,,,,,,,,,,,,,Print Me!!
,,,,,,,,,,,,,,Print Me!!
,,,,,,,,,,,,,,Print Me!!
,,,,,,,,,,,,,,Print Me!!
,,,,,,,,,,,,,,elif entry point
,,,,,,,,,,,,,,Print Me!!
,,,,,,,,,,,,,,elif entry point
,,,,,,,,,,,,,,Print Me!!
,,,,,,,,,,,,,,elif entry point
,,,,,,,,,,,,,,Print Me!!
,,,,,,,,,,,,,,Print Me!!
,,,,,,,,,,,,,,elif entry point
,,,,,,,,,,,,,,Print Me!!
,,,,,,,,,,,,,,elif entry point
,,,,,,,,,,,,,,Print Me!!
,,,,,,,,,,,,,,elif entry point
,,,,,,,,,,,,,,Print Me!!
,,,,,,,,,,,,,,Print Me!!
,,,,,,,,,,,,,,elif entry point
,,,,,,,,,,,,,,Print Me!!
,,,,,,,,,,,,,,elif entry point
,,,,,,,,,,,,,,Print Me!!
,,,,,,,,,,,,,,elif entry point
,,,,,,,,,,,,,,Print Me!!
,,,,,,,,,,,,,,Print Me!!
,,,,,,,,,,,,,,Print Me!!
,,,,,,,,,,,,,,elif entry point
,,,,,,,,,,,,,,Print Me!!
,,,,,,,,,,,,,,elif entry point
,,,,,,,,,,,,,,Print Me!!
,,,,,,,,,,,,,,elif entry point
,,,,,,,,,,,,,,Print Me!!
,,,,,,,,,,,,,,Print Me!!
,,,,,,,,,,,,,,elif entry point
,,,,,,,,,,,,,,Print Me!!
,,,,,,,,,,,,,,elif entry point
,,,,,,,,,,,,,,Print Me!!
,,,,,,,,,,,,,,elif entry point
,,,,,,,,,,,,,,Print Me!!
,,,,,,,,,,,,,,Print Me!!
,,,,,,,,,,,,,,elif entry point
,,,,,,,,,,,,,,Print Me!!
,,,,,,,,,,,,,,elif entry point
,,,,,,,,,,,,,,Print Me!!
,,,,,,,,,,,,,,elif entry point
,,,,,,,,,,,,,,Print Me!!
,,,,,,,,,,,,,,Print Me!!
,,,,,,,,,,,,,,Print Me!!
,,,,,,,,,,,,,,elif entry point
,,,,,,,,,,,,,,Print Me!!
,,,,,,,,,,,,,,elif entry point
,,,,,,,,,,,,,,Print Me!!
,,,,,,,,,,,,,,elif entry point
,,,,,,,,,,,,,,Print Me!!
,,,,,,,,,,,,,,Print Me!!
,,,,,,,,,,,,,,elif entry point
,,,,,,,,,,,,,,Print Me!!
,,,,,,,,,,,,,,elif entry point
,,,,,,,,,,,,,,Print Me!!
,,,,,,,,,,,,,,elif entry point
,,,,,,,,,,,,,,Print Me!!
,,,,,,,,,,,,,,Print Me!!
,,,,,,,,,,,,,,elif entry point
,,,,,,,,,,,,,,Print Me!!
,,,,,,,,,,,,,,elif entry point
,,,,,,,,,,,,,,Print Me!!
,,,,,,,,,,,,,,elif entry point
,,,,,,,,,,,,,,Print Me!!
,,,,,,,,,,,,,,Print Me!!
,,,,,,,,,,,,,,Print Me!!
,,,,,,,,,,,,,,Print Me!!
,,,,,,,,,,,,,,elif entry point
,,,,,,,,,,,,,,Print Me!!
,,,,,,,,,,,,,,elif entry point
,,,,,,,,,,,,,,Print Me!!
,,,,,,,,,,,,,,elif entry point
,,,,,,,,,,,,,,Print Me!!
,,,,,,,,,,,,,,Print Me!!
,,,,,,,,,,,,,,elif entry point
,,,,,,,,,,,,,,Print Me!!
,,,,,,,,,,,,,,elif entry point
,,,,,,,,,,,,,,Print Me!!
,,,,,,,,,,,,,,elif entry point
,,,,,,,,,,,,,,Print Me!!
,,,,,,,,,,,,,,Print Me!!
,,,,,,,,,,,,,,elif entry point
,,,,,,,,,,,,,,Print Me!!
,,,,,,,,,,,,,,elif entry point
,,,,,,,,,,,,,,Print Me!!
,,,,,,,,,,,,,,elif entry point
,,,,,,,,,,,,,,Print Me!!
,,,,,,,,,,,,,,Print Me!!
,,,,,,,,,,,,,,Print Me!!
,,,,,,,,,,,,,,elif entry point
,,,,,,,,,,,,,,Print Me!!
,,,,,,,,,,,,,,elif entry point
,,,,,,,,,,,,,,Print Me!!
,,,,,,,,,,,,,,elif entry point
,,,,,,,,,,,,,,Print Me!!
,,,,,,,,,,,,,,Print Me!!
,,,,,,,,,,,,,,elif entry point
,,,,,,,,,,,,,,Print Me!!
,,,,,,,,,,,,,,elif entry point
,,,,,,,,,,,,,,Print Me!!
,,,,,,,,,,,,,,elif entry point
,,,,,,,,,,,,,,Print Me!!
,,,,,,,,,,,,,,Print Me!!
,,,,,,,,,,,,,,elif entry point
,,,,,,,,,,,,,,Print Me!!
,,,,,,,,,,,,,,elif entry point
,,,,,,,,,,,,,,Print Me!!
,,,,,,,,,,,,,,elif entry point
,,,,,,,,,,,,,,Print Me!!
,,,,,,,,,,,,,,Print Me!!
,,,,,,,,,,,,,,Print Me!!
,,,,,,,,,,,,,,elif entry point
,,,,,,,,,,,,,,Print Me!!
,,,,,,,,,,,,,,elif entry point
,,,,,,,,,,,,,,Print Me!!
,,,,,,,,,,,,,,elif entry point
,,,,,,,,,,,,,,Print Me!!
,,,,,,,,,,,,,,Print Me!!
,,,,,,,,,,,,,,elif entry point
,,,,,,,,,,,,,,Print Me!!
,,,,,,,,,,,,,,elif entry point
,,,,,,,,,,,,,,Print Me!!
,,,,,,,,,,,,,,elif entry point
,,,,,,,,,,,,,,Print Me!!
,,,,,,,,,,,,,,Print Me!!
,,,,,,,,,,,,,,elif entry point
,,,,,,,,,,,,,,Print Me!!
,,,,,,,,,,,,,,elif entry point
,,,,,,,,,,,,,,Print Me!!
,,,,,,,,,,,,,,elif entry point
,,,,,,,,,,,,,,Print Me!!
,,,,,,,,,,,,,,Print Me!!
,,,,,,,,,,,,,,Print Me!!
,,,,,,,,,,,,,,Print Me!!
,,,,,,,,,,,,,,elif entry point
,,,,,,,,,,,,,,Print Me!!
,,,,,,,,,,,,,,elif entry point
,,,,,,,,,,,,,,Print Me!!
,,,,,,,,,,,,,,elif entry point
,,,,,,,,,,,,,,Print Me!!
,,,,,,,,,,,,,,Print Me!!
,,,,,,,,,,,,,,elif entry point
,,,,,,,,,,,,,,Print Me!!
,,,,,,,,,,,,,,elif entry point
,,,,,,,,,,,,,,Print Me!!
,,,,,,,,,,,,,,elif entry point
,,,,,,,,,,,,,,Print Me!!
,,,,,,,,,,,,,,Print Me!!
,,,,,,,,,,,,,,elif entry point
,,,,,,,,,,,,,,Print Me!!
,,,,,,,,,,,,,,elif entry point
,,,,,,,,,,,,,,Print Me!!
,,,,,,,,,,,,,,elif entry point
,,,,,,,,,,,,,,Print Me!!
,,,,,,,,,,,,,,Print Me!!
,,,,,,,,,,,,,,Print Me!!
,,,,,,,,,,,,,,elif entry point
,,,,,,,,,,,,,,Print Me!!
,,,,,,,,,,,,,,elif entry point
,,,,,,,,,,,,,,Print Me!!
,,,,,,,,,,,,,,elif entry point
,,,,,,,,,,,,,,Print Me!!
,,,,,,,,,,,,,,Print Me!!
,,,,,,,,,,,,,,elif entry point
,,,,,,,,,,,,,,Print Me!!
,,,,,,,,,,,,,,elif entry point
,,,,,,,,,,,,,,Print Me!!
,,,,,,,,,,,,,,elif entry point
,,,,,,,,,,,,,,Print Me!!
,,,,,,,,,,,,,,Print Me!!
,,,,,,,,,,,,,,elif entry point
,,,,,,,,,,,,,,Print Me!!
,,,,,,,,,,,,,,elif entry point
,,,,,,,,,,,,,,Print Me!!
,,,,,,,,,,,,,,elif entry point
,,,,,,,,,,,,,,Print Me!!
,,,,,,,,,,,,,,Print Me!!
,,,,,,,,,,,,,,Print Me!!
,,,,,,,,,,,,,,elif entry point
,,,,,,,,,,,,,,Print Me!!
,,,,,,,,,,,,,,elif entry point
,,,,,,,,,,,,,,Print Me!!
,,,,,,,,,,,,,,elif entry point
,,,,,,,,,,,,,,Print Me!!
,,,,,,,,,,,,,,Print Me!!
,,,,,,,,,,,,,,elif entry point
,,,,,,,,,,,,,,Print Me!!
,,,,,,,,,,,,,,elif entry point
,,,,,,,,,,,,,,Print Me!!
,,,,,,,,,,,,,,elif entry point
,,,,,,,,,,,,,,Print Me!!
,,,,,,,,,,,,,,Print Me!!
,,,,,,,,,,,,,,elif entry point
,,,,,,,,,,,,,,Print Me!!
,,,,,,,,,,,,,,elif entry point
,,,,,,,,,,,,,,Print Me!!
,,,,,,,,,,,,,,elif entry point
,,,,,,,,,,,,,,"[1, 2, 3, 3, 4, 5, 7, 8, 9, 18, 23, 25, 45, 45]"
